-- Data for table admins
INSERT INTO "admins" ("id", "name", "email", "password_hash", "role", "created_at", "updated_at") VALUES (1, 'Super Admin', 'admin@virktools.com', '$2a$10$I80Qn.tbV5M0HkCoNBGcyuzWk5iQywP6Zufs/Rcb/fNL.YHkPba9u', 'super_admin', '2026-07-06T12:29:53.000Z', '2026-07-09T11:46:11.000Z');

SELECT setval('"admins_id_seq"', (SELECT MAX(id) FROM "admins"));

-- Data for table categories
INSERT INTO "categories" ("id", "name", "slug", "image_url", "banner_url", "description", "display_order", "is_featured", "is_active", "created_at", "updated_at", "deleted_at") VALUES (1, 'Power Tools', 'power-tools', '/uploads/images/6871ecd9-7343-4c06-a390-3b9b4c7229d5.jpg', NULL, NULL, 1, TRUE, TRUE, '2026-07-06T12:29:53.000Z', '2026-07-07T14:48:35.000Z', NULL);
INSERT INTO "categories" ("id", "name", "slug", "image_url", "banner_url", "description", "display_order", "is_featured", "is_active", "created_at", "updated_at", "deleted_at") VALUES (2, 'Cordless Tools', 'cordless-tools', '/uploads/images/e1b407d6-fadc-428b-9fe3-fbd24031ea37.png', NULL, NULL, 2, TRUE, TRUE, '2026-07-06T12:29:53.000Z', '2026-07-07T14:48:18.000Z', NULL);
INSERT INTO "categories" ("id", "name", "slug", "image_url", "banner_url", "description", "display_order", "is_featured", "is_active", "created_at", "updated_at", "deleted_at") VALUES (3, 'Hand Tools', 'hand-tools', '/uploads/images/9924b5cf-7e61-4e87-9313-f92fc4b02511.jpg', NULL, NULL, 3, TRUE, TRUE, '2026-07-06T12:29:53.000Z', '2026-07-07T14:48:11.000Z', NULL);
INSERT INTO "categories" ("id", "name", "slug", "image_url", "banner_url", "description", "display_order", "is_featured", "is_active", "created_at", "updated_at", "deleted_at") VALUES (4, 'Garden Tools', 'garden-tools', '/uploads/images/5966f7f0-672f-4106-bd8b-a54f52200622.png', NULL, NULL, 4, TRUE, TRUE, '2026-07-06T12:29:53.000Z', '2026-07-09T12:32:29.000Z', NULL);
INSERT INTO "categories" ("id", "name", "slug", "image_url", "banner_url", "description", "display_order", "is_featured", "is_active", "created_at", "updated_at", "deleted_at") VALUES (5, 'Welding Equipment', 'welding-equipment', '/uploads/images/23c47ef3-9ea9-4e16-8874-dc224efa5b9c.png', NULL, NULL, 5, TRUE, TRUE, '2026-07-06T12:29:53.000Z', '2026-07-09T12:19:10.000Z', NULL);
INSERT INTO "categories" ("id", "name", "slug", "image_url", "banner_url", "description", "display_order", "is_featured", "is_active", "created_at", "updated_at", "deleted_at") VALUES (6, 'Measuring Tools', 'measuring-tools', '/uploads/images/810b8e28-edf7-43db-a320-337f86916382.png', NULL, NULL, 6, TRUE, TRUE, '2026-07-06T12:29:53.000Z', '2026-07-09T13:06:32.000Z', NULL);
INSERT INTO "categories" ("id", "name", "slug", "image_url", "banner_url", "description", "display_order", "is_featured", "is_active", "created_at", "updated_at", "deleted_at") VALUES (7, 'Storage & Handling', 'storage-handling-del-1783435138', NULL, NULL, NULL, 7, TRUE, TRUE, '2026-07-06T12:29:53.000Z', '2026-07-07T14:38:58.000Z', '2026-07-07T14:38:58.000Z');
INSERT INTO "categories" ("id", "name", "slug", "image_url", "banner_url", "description", "display_order", "is_featured", "is_active", "created_at", "updated_at", "deleted_at") VALUES (8, 'Industrial Supplies', 'industrial-supplies-del-1783435146', NULL, NULL, NULL, 8, TRUE, TRUE, '2026-07-06T12:29:53.000Z', '2026-07-07T14:39:06.000Z', '2026-07-07T14:39:06.000Z');
INSERT INTO "categories" ("id", "name", "slug", "image_url", "banner_url", "description", "display_order", "is_featured", "is_active", "created_at", "updated_at", "deleted_at") VALUES (9, 'Air Tools', 'air-tools', '/uploads/images/58952be9-388e-4515-9639-dfc54190ed22.jpg', NULL, NULL, 0, FALSE, TRUE, '2026-07-07T14:38:32.000Z', '2026-07-07T14:45:31.000Z', NULL);
INSERT INTO "categories" ("id", "name", "slug", "image_url", "banner_url", "description", "display_order", "is_featured", "is_active", "created_at", "updated_at", "deleted_at") VALUES (10, 'Automotive Tools', 'automotive-tools', '/uploads/images/d2324ef6-96f7-4040-b4e7-63ca68924ca1.png', NULL, NULL, 0, FALSE, TRUE, '2026-07-07T14:39:25.000Z', '2026-07-09T12:27:34.000Z', NULL);
INSERT INTO "categories" ("id", "name", "slug", "image_url", "banner_url", "description", "display_order", "is_featured", "is_active", "created_at", "updated_at", "deleted_at") VALUES (11, 'Accessories', 'accessories', '/uploads/images/851ec704-9f52-4930-9b61-33f9cf0bedb8.png', NULL, NULL, 0, FALSE, TRUE, '2026-07-07T14:39:35.000Z', '2026-07-09T12:30:19.000Z', NULL);
INSERT INTO "categories" ("id", "name", "slug", "image_url", "banner_url", "description", "display_order", "is_featured", "is_active", "created_at", "updated_at", "deleted_at") VALUES (12, 'Safety Equipment', 'safety-equipment', '/uploads/images/5e4e6296-b23f-485d-a834-ff1f3d13a1e5.png', NULL, NULL, 0, FALSE, TRUE, '2026-07-07T14:39:44.000Z', '2026-07-09T12:18:55.000Z', NULL);

SELECT setval('"categories_id_seq"', (SELECT MAX(id) FROM "categories"));

-- Data for table subcategories
INSERT INTO "subcategories" ("id", "category_id", "name", "slug", "image_url", "is_active", "created_at", "updated_at", "deleted_at") VALUES (1, 1, '1', '1', NULL, TRUE, '2026-07-06T18:30:34.000Z', '2026-07-06T18:30:34.000Z', NULL);
INSERT INTO "subcategories" ("id", "category_id", "name", "slug", "image_url", "is_active", "created_at", "updated_at", "deleted_at") VALUES (2, 1, '2', '2', NULL, TRUE, '2026-07-06T18:30:43.000Z', '2026-07-06T18:30:43.000Z', NULL);
INSERT INTO "subcategories" ("id", "category_id", "name", "slug", "image_url", "is_active", "created_at", "updated_at", "deleted_at") VALUES (3, 1, '3', '3', NULL, TRUE, '2026-07-06T18:30:48.000Z', '2026-07-06T18:30:48.000Z', NULL);
INSERT INTO "subcategories" ("id", "category_id", "name", "slug", "image_url", "is_active", "created_at", "updated_at", "deleted_at") VALUES (4, 1, 'Corded', 'corded', NULL, TRUE, '2026-07-06T18:37:11.000Z', '2026-07-06T18:37:11.000Z', NULL);
INSERT INTO "subcategories" ("id", "category_id", "name", "slug", "image_url", "is_active", "created_at", "updated_at", "deleted_at") VALUES (5, 1, 'Cordless', 'cordless', NULL, TRUE, '2026-07-06T18:37:11.000Z', '2026-07-06T18:54:51.000Z', '2026-07-06T18:54:51.000Z');
INSERT INTO "subcategories" ("id", "category_id", "name", "slug", "image_url", "is_active", "created_at", "updated_at", "deleted_at") VALUES (6, 1, '18V', '18v', NULL, TRUE, '2026-07-06T18:37:11.000Z', '2026-07-06T18:37:11.000Z', NULL);
INSERT INTO "subcategories" ("id", "category_id", "name", "slug", "image_url", "is_active", "created_at", "updated_at", "deleted_at") VALUES (7, 1, '20V', '20v', NULL, TRUE, '2026-07-06T18:37:12.000Z', '2026-07-06T18:37:12.000Z', NULL);
INSERT INTO "subcategories" ("id", "category_id", "name", "slug", "image_url", "is_active", "created_at", "updated_at", "deleted_at") VALUES (11, 2, '1', '1-c2-mr9ky1bf', NULL, TRUE, '2026-07-06T18:55:09.000Z', '2026-07-06T18:55:09.000Z', NULL);
INSERT INTO "subcategories" ("id", "category_id", "name", "slug", "image_url", "is_active", "created_at", "updated_at", "deleted_at") VALUES (12, 2, '2', '2-c2-mr9ky1bj', NULL, TRUE, '2026-07-06T18:55:09.000Z', '2026-07-06T18:55:09.000Z', NULL);
INSERT INTO "subcategories" ("id", "category_id", "name", "slug", "image_url", "is_active", "created_at", "updated_at", "deleted_at") VALUES (13, 2, '3', '3-c2-mr9ky1bl', NULL, TRUE, '2026-07-06T18:55:09.000Z', '2026-07-06T18:55:09.000Z', NULL);
INSERT INTO "subcategories" ("id", "category_id", "name", "slug", "image_url", "is_active", "created_at", "updated_at", "deleted_at") VALUES (14, 2, '4', '4-c2-mr9ky1bo', NULL, TRUE, '2026-07-06T18:55:09.000Z', '2026-07-06T18:55:09.000Z', NULL);
INSERT INTO "subcategories" ("id", "category_id", "name", "slug", "image_url", "is_active", "created_at", "updated_at", "deleted_at") VALUES (15, 2, '5', '5-c2-mr9ky1bq', NULL, TRUE, '2026-07-06T18:55:09.000Z', '2026-07-06T18:55:09.000Z', NULL);

SELECT setval('"subcategories_id_seq"', (SELECT MAX(id) FROM "subcategories"));

-- Data for table brands
INSERT INTO "brands" ("id", "name", "slug", "logo_url", "description", "is_active", "created_at", "updated_at", "deleted_at") VALUES (1, 'DeWALT', 'dewalt', NULL, NULL, TRUE, '2026-07-06T12:29:53.000Z', '2026-07-06T12:29:53.000Z', NULL);
INSERT INTO "brands" ("id", "name", "slug", "logo_url", "description", "is_active", "created_at", "updated_at", "deleted_at") VALUES (2, 'BOSCH', 'bosch', NULL, NULL, TRUE, '2026-07-06T12:29:53.000Z', '2026-07-06T12:29:53.000Z', NULL);
INSERT INTO "brands" ("id", "name", "slug", "logo_url", "description", "is_active", "created_at", "updated_at", "deleted_at") VALUES (3, 'Makita', 'makita', NULL, NULL, TRUE, '2026-07-06T12:29:53.000Z', '2026-07-06T12:29:53.000Z', NULL);
INSERT INTO "brands" ("id", "name", "slug", "logo_url", "description", "is_active", "created_at", "updated_at", "deleted_at") VALUES (4, 'STANLEY', 'stanley', NULL, NULL, TRUE, '2026-07-06T12:29:53.000Z', '2026-07-06T12:29:53.000Z', NULL);
INSERT INTO "brands" ("id", "name", "slug", "logo_url", "description", "is_active", "created_at", "updated_at", "deleted_at") VALUES (5, 'Milwaukee', 'milwaukee', NULL, NULL, TRUE, '2026-07-06T12:29:53.000Z', '2026-07-06T12:29:53.000Z', NULL);
INSERT INTO "brands" ("id", "name", "slug", "logo_url", "description", "is_active", "created_at", "updated_at", "deleted_at") VALUES (6, 'RIDGID', 'ridgid', NULL, NULL, TRUE, '2026-07-06T12:29:53.000Z', '2026-07-06T12:29:53.000Z', NULL);
INSERT INTO "brands" ("id", "name", "slug", "logo_url", "description", "is_active", "created_at", "updated_at", "deleted_at") VALUES (7, 'HILTI', 'hilti', NULL, NULL, TRUE, '2026-07-06T12:29:53.000Z', '2026-07-06T12:29:53.000Z', NULL);
INSERT INTO "brands" ("id", "name", "slug", "logo_url", "description", "is_active", "created_at", "updated_at", "deleted_at") VALUES (8, '3M', '3m', NULL, NULL, TRUE, '2026-07-06T12:29:53.000Z', '2026-07-06T12:29:53.000Z', NULL);
INSERT INTO "brands" ("id", "name", "slug", "logo_url", "description", "is_active", "created_at", "updated_at", "deleted_at") VALUES (9, 'INGCO', 'ingco', NULL, NULL, TRUE, '2026-07-09T12:59:37.000Z', '2026-07-09T12:59:37.000Z', NULL);

SELECT setval('"brands_id_seq"', (SELECT MAX(id) FROM "brands"));

-- Data for table products
INSERT INTO "products" ("id", "sku", "name", "slug", "brand_id", "category_id", "selling_price", "availability_status", "description", "main_image_url", "is_featured", "is_published", "is_disabled", "created_at", "updated_at", "deleted_at") VALUES (1, 'DW-DCD791-del-1783362274', 'DeWALT 20V MAX XR Brushless Drill/Driver', 'dewalt-20v-max-xr-drill', 1, 1, '35000.00', 'available', 'Experience power and efficiency with the DeWALT 20V MAX XR Brushless Drill/Driver. Designed for heavy-duty industrial applications, featuring a high-speed transmission with 2 speed settings. Premium quality and 100% authentic.', 'https://placehold.co/600x600/ffffff/0B0E14?text=DeWALT+Drill', TRUE, TRUE, FALSE, '2026-07-06T12:29:53.000Z', '2026-07-06T18:56:41.000Z', '2026-07-06T18:24:34.000Z');
INSERT INTO "products" ("id", "sku", "name", "slug", "brand_id", "category_id", "selling_price", "availability_status", "description", "main_image_url", "is_featured", "is_published", "is_disabled", "created_at", "updated_at", "deleted_at") VALUES (5, '112233-del-1783362268', 'pliers', 'pliers', 2, 2, '1245.00', 'available', 'ghghkghjgh', 'http://localhost:5000/uploads/images/7bd9f711-89da-493c-880f-e3f011e51a4f.png', FALSE, TRUE, FALSE, '2026-07-06T18:21:27.000Z', '2026-07-06T18:56:41.000Z', '2026-07-06T18:24:28.000Z');
INSERT INTO "products" ("id", "sku", "name", "slug", "brand_id", "category_id", "selling_price", "availability_status", "description", "main_image_url", "is_featured", "is_published", "is_disabled", "created_at", "updated_at", "deleted_at") VALUES (7, '11223344-del-1783362271', 'pliers', 'pliers-0lxhzg', 2, 2, '1245.00', 'available', 'ghghkghjgh', 'http://localhost:5000/uploads/images/79bb098d-3511-4f28-9e17-292368e23bff.png', FALSE, TRUE, FALSE, '2026-07-06T18:23:23.000Z', '2026-07-06T18:56:41.000Z', '2026-07-06T18:24:31.000Z');
INSERT INTO "products" ("id", "sku", "name", "slug", "brand_id", "category_id", "selling_price", "availability_status", "description", "main_image_url", "is_featured", "is_published", "is_disabled", "created_at", "updated_at", "deleted_at") VALUES (8, '456-del-1783363603', 'nigga', 'nigga', 2, 1, '5000.00', 'available', 'dgfgd', 'http://localhost:5000/uploads/images/0f048d8e-62cf-47c7-8e58-f375af82a671.png', TRUE, TRUE, FALSE, '2026-07-06T18:37:44.000Z', '2026-07-06T18:56:41.000Z', '2026-07-06T18:46:43.000Z');
INSERT INTO "products" ("id", "sku", "name", "slug", "brand_id", "category_id", "selling_price", "availability_status", "description", "main_image_url", "is_featured", "is_published", "is_disabled", "created_at", "updated_at", "deleted_at") VALUES (10, '1122334-del-1783434561', 'M MASAB REHMAN', 'm-masab-rehman', 2, 2, '1100.00', 'available', 'klln', '/uploads/images/5cdfa0d0-3c3f-4790-82c4-ee7262a88e23.png', FALSE, TRUE, FALSE, '2026-07-06T18:56:20.000Z', '2026-07-07T14:29:21.000Z', '2026-07-07T14:29:21.000Z');
INSERT INTO "products" ("id", "sku", "name", "slug", "brand_id", "category_id", "selling_price", "availability_status", "description", "main_image_url", "is_featured", "is_published", "is_disabled", "created_at", "updated_at", "deleted_at") VALUES (11, '8752-del-1783434558', 'DeWALT 20V MAX XR Brushless Drill/Driver', 'dewalt-20v-max-xr-brushless-drilldriver', 8, 1, '789.00', 'available', 'mnbm', '/uploads/images/f40ab440-3936-4409-9204-7834d089db29.PNG', FALSE, TRUE, FALSE, '2026-07-06T19:23:57.000Z', '2026-07-07T14:29:18.000Z', '2026-07-07T14:29:18.000Z');
INSERT INTO "products" ("id", "sku", "name", "slug", "brand_id", "category_id", "selling_price", "availability_status", "description", "main_image_url", "is_featured", "is_published", "is_disabled", "created_at", "updated_at", "deleted_at") VALUES (12, 'CKLI1201', 'Cordless 2 pcs combo kit', 'cordless-2-pcs-combo-kit-ckli1201', 9, 1, '82.00', 'available', NULL, 'https://www.ingco.com/userfiles/1/images/photo/2008181423465/CKLI1201.jpg', FALSE, TRUE, FALSE, '2026-07-09T13:01:38.000Z', '2026-07-09T13:17:26.000Z', NULL);
INSERT INTO "products" ("id", "sku", "name", "slug", "brand_id", "category_id", "selling_price", "availability_status", "description", "main_image_url", "is_featured", "is_published", "is_disabled", "created_at", "updated_at", "deleted_at") VALUES (13, 'CSDLI0801', 'Cordless screwdriver', 'cordless-screwdriver-csdli0801', 9, 1, '38.00', 'available', NULL, 'https://www.ingco.com/userfiles/1/images/photo/20200730/CSDLI0801.JPG', FALSE, TRUE, FALSE, '2026-07-09T13:01:38.000Z', '2026-07-09T13:17:26.000Z', NULL);
INSERT INTO "products" ("id", "sku", "name", "slug", "brand_id", "category_id", "selling_price", "availability_status", "description", "main_image_url", "is_featured", "is_published", "is_disabled", "created_at", "updated_at", "deleted_at") VALUES (14, 'CDLI20012', 'Cordless drill', 'cordless-drill-cdli20012', 9, 1, '104.00', 'available', NULL, 'https://www.ingco.com/userfiles/1/images/photo/20200730/CDLI20012.jpg', FALSE, TRUE, FALSE, '2026-07-09T13:01:38.000Z', '2026-07-09T13:17:26.000Z', NULL);
INSERT INTO "products" ("id", "sku", "name", "slug", "brand_id", "category_id", "selling_price", "availability_status", "description", "main_image_url", "is_featured", "is_published", "is_disabled", "created_at", "updated_at", "deleted_at") VALUES (15, 'CIDLI20012', 'Cordless impact drill', 'cordless-impact-drill-cidli20012', 9, 1, '109.00', 'available', NULL, 'https://www.ingco.com/website-center/upload/images/8daeaff733e34aa4a4c4a1c7c59a63ca.jpg', FALSE, TRUE, FALSE, '2026-07-09T13:01:38.000Z', '2026-07-09T13:17:26.000Z', NULL);
INSERT INTO "products" ("id", "sku", "name", "slug", "brand_id", "category_id", "selling_price", "availability_status", "description", "main_image_url", "is_featured", "is_published", "is_disabled", "created_at", "updated_at", "deleted_at") VALUES (16, 'CDLI2002', 'Cordless drill', 'cordless-drill-cdli2002', 9, 1, '180.00', 'available', NULL, 'https://www.ingco.com/website-center/upload/images/b3421c4a3c7c4f549e3e02edf04ee324.jpg', FALSE, TRUE, FALSE, '2026-07-09T13:01:38.000Z', '2026-07-09T13:17:26.000Z', NULL);
INSERT INTO "products" ("id", "sku", "name", "slug", "brand_id", "category_id", "selling_price", "availability_status", "description", "main_image_url", "is_featured", "is_published", "is_disabled", "created_at", "updated_at", "deleted_at") VALUES (17, 'CIWLI2001', 'Cordless impact wrench', 'cordless-impact-wrench-ciwli2001', 9, 1, '216.00', 'available', NULL, 'https://www.ingco.com/website-center/upload/images/7c2b58d6626448ab96d0fb7d67f78860.jpg', FALSE, TRUE, FALSE, '2026-07-09T13:01:38.000Z', '2026-07-09T13:17:26.000Z', NULL);
INSERT INTO "products" ("id", "sku", "name", "slug", "brand_id", "category_id", "selling_price", "availability_status", "description", "main_image_url", "is_featured", "is_published", "is_disabled", "created_at", "updated_at", "deleted_at") VALUES (18, 'CIRLI2002', 'Cordless impact driver', 'cordless-impact-driver-cirli2002', 9, 1, '159.00', 'available', NULL, 'https://www.ingco.com/website-center/upload/images/d0a71407297b468ca2aaf2bec8c6bee0.jpg', FALSE, TRUE, FALSE, '2026-07-09T13:01:38.000Z', '2026-07-09T13:17:26.000Z', NULL);
INSERT INTO "products" ("id", "sku", "name", "slug", "brand_id", "category_id", "selling_price", "availability_status", "description", "main_image_url", "is_featured", "is_published", "is_disabled", "created_at", "updated_at", "deleted_at") VALUES (19, 'CABLI20018', 'Cordless blower', 'cordless-blower-cabli20018', 9, 1, '104.00', 'available', NULL, 'https://www.ingco.com/userfiles/1/images/photo/CABLI20018.jpg', FALSE, TRUE, FALSE, '2026-07-09T13:01:38.000Z', '2026-07-09T13:17:26.000Z', NULL);
INSERT INTO "products" ("id", "sku", "name", "slug", "brand_id", "category_id", "selling_price", "availability_status", "description", "main_image_url", "is_featured", "is_published", "is_disabled", "created_at", "updated_at", "deleted_at") VALUES (20, 'CABLI200181', 'Cordless blower', 'cordless-blower-cabli200181', 9, 1, '40.00', 'available', NULL, 'https://www.ingco.com/userfiles/1/images/photo/20200904231500306/CABLI200181.jpg', FALSE, TRUE, FALSE, '2026-07-09T13:01:38.000Z', '2026-07-09T13:17:26.000Z', NULL);
INSERT INTO "products" ("id", "sku", "name", "slug", "brand_id", "category_id", "selling_price", "availability_status", "description", "main_image_url", "is_featured", "is_published", "is_disabled", "created_at", "updated_at", "deleted_at") VALUES (21, 'CGTLI20018', 'Cordless grass trimmer', 'cordless-grass-trimmer-cgtli20018', 9, 1, '71.00', 'available', NULL, 'https://www.ingco.com/userfiles/1/images/photo/20200822231500539/CGTLI20018.jpg', FALSE, TRUE, FALSE, '2026-07-09T13:01:38.000Z', '2026-07-09T13:17:26.000Z', NULL);
INSERT INTO "products" ("id", "sku", "name", "slug", "brand_id", "category_id", "selling_price", "availability_status", "description", "main_image_url", "is_featured", "is_published", "is_disabled", "created_at", "updated_at", "deleted_at") VALUES (22, 'CGTLI20301', 'Cordless grass trimmer', 'cordless-grass-trimmer-cgtli20301', 9, 1, '171.00', 'available', NULL, 'https://www.ingco.com/userfiles/1/images/photo/20200822231500539/CGTLI20301.jpg', FALSE, TRUE, FALSE, '2026-07-09T13:01:38.000Z', '2026-07-09T13:17:26.000Z', NULL);
INSERT INTO "products" ("id", "sku", "name", "slug", "brand_id", "category_id", "selling_price", "availability_status", "description", "main_image_url", "is_featured", "is_published", "is_disabled", "created_at", "updated_at", "deleted_at") VALUES (23, 'CKLI2006', 'Cordless 2 Pcs combo kit', 'cordless-2-pcs-combo-kit-ckli2006', 9, 1, '159.00', 'available', NULL, 'https://www.ingco.com/website-center/upload/images/acaf2689f9c842eea659a9ddcc3b7c36.jpg', FALSE, TRUE, FALSE, '2026-07-09T13:01:38.000Z', '2026-07-09T13:17:26.000Z', NULL);
INSERT INTO "products" ("id", "sku", "name", "slug", "brand_id", "category_id", "selling_price", "availability_status", "description", "main_image_url", "is_featured", "is_published", "is_disabled", "created_at", "updated_at", "deleted_at") VALUES (24, 'CKLI2007', 'Cordless 2 Pcs combo kit', 'cordless-2-pcs-combo-kit-ckli2007', 9, 1, '178.00', 'available', NULL, 'https://www.ingco.com/website-center/upload/images/af10744138d0494582879cb6b195f9a4.jpg', FALSE, TRUE, FALSE, '2026-07-09T13:01:38.000Z', '2026-07-09T13:17:26.000Z', NULL);
INSERT INTO "products" ("id", "sku", "name", "slug", "brand_id", "category_id", "selling_price", "availability_status", "description", "main_image_url", "is_featured", "is_published", "is_disabled", "created_at", "updated_at", "deleted_at") VALUES (25, 'CSTLI20018', 'Cordless string trimmer and brush cutter', 'cordless-string-trimmer-and-brush-cutter-cstli20018', 9, 1, '44.00', 'available', NULL, 'https://www.ingco.com/userfiles/1/images/photo/20200927231500156/CSTLI20018.jpg', FALSE, TRUE, FALSE, '2026-07-09T13:01:38.000Z', '2026-07-09T13:17:26.000Z', NULL);
INSERT INTO "products" ("id", "sku", "name", "slug", "brand_id", "category_id", "selling_price", "availability_status", "description", "main_image_url", "is_featured", "is_published", "is_disabled", "created_at", "updated_at", "deleted_at") VALUES (26, 'CSTLI202522', 'Cordless string trimmer and brush cutter', 'cordless-string-trimmer-and-brush-cutter-cstli202522', 9, 1, '161.00', 'available', NULL, 'https://www.ingco.com/userfiles/1/images/photo/20200826231500575/CSTLI202522.jpg', FALSE, TRUE, FALSE, '2026-07-09T13:01:38.000Z', '2026-07-09T13:17:26.000Z', NULL);
INSERT INTO "products" ("id", "sku", "name", "slug", "brand_id", "category_id", "selling_price", "availability_status", "description", "main_image_url", "is_featured", "is_published", "is_disabled", "created_at", "updated_at", "deleted_at") VALUES (27, 'CHTLI20018', 'Cordless hedge trimmer', 'cordless-hedge-trimmer-chtli20018', 9, 1, '97.00', 'available', NULL, 'https://www.ingco.com/userfiles/1/images/photo/20200822231500539/CHTLI20018.jpg', FALSE, TRUE, FALSE, '2026-07-09T13:01:38.000Z', '2026-07-09T13:17:26.000Z', NULL);
INSERT INTO "products" ("id", "sku", "name", "slug", "brand_id", "category_id", "selling_price", "availability_status", "description", "main_image_url", "is_featured", "is_published", "is_disabled", "created_at", "updated_at", "deleted_at") VALUES (28, 'CHTLI20461', 'Cordless hedge trimmer', 'cordless-hedge-trimmer-chtli20461', 9, 1, '120.00', 'available', NULL, 'https://www.ingco.com/userfiles/1/images/photo/20200822231500539/CHTLI20461.jpg', FALSE, TRUE, FALSE, '2026-07-09T13:01:38.000Z', '2026-07-09T13:17:26.000Z', NULL);
INSERT INTO "products" ("id", "sku", "name", "slug", "brand_id", "category_id", "selling_price", "availability_status", "description", "main_image_url", "is_featured", "is_published", "is_disabled", "created_at", "updated_at", "deleted_at") VALUES (29, 'CKLI2008', 'Cordless 2 Pcs combo kit', 'cordless-2-pcs-combo-kit-ckli2008', 9, 1, '188.00', 'available', NULL, 'https://www.ingco.com/website-center/upload/images/59957691b8f640ecad395ab0219ebc18.jpg', FALSE, TRUE, FALSE, '2026-07-09T13:01:38.000Z', '2026-07-09T13:17:26.000Z', NULL);
INSERT INTO "products" ("id", "sku", "name", "slug", "brand_id", "category_id", "selling_price", "availability_status", "description", "main_image_url", "is_featured", "is_published", "is_disabled", "created_at", "updated_at", "deleted_at") VALUES (30, 'CKLI2009', 'Cordless 2 Pcs combo kit', 'cordless-2-pcs-combo-kit-ckli2009', 9, 1, '86.00', 'available', NULL, 'https://www.ingco.com/website-center/upload/images/d34642f3cd5044c7a1011e1c3fac48b3.jpg', FALSE, TRUE, FALSE, '2026-07-09T13:01:38.000Z', '2026-07-09T13:17:26.000Z', NULL);
INSERT INTO "products" ("id", "sku", "name", "slug", "brand_id", "category_id", "selling_price", "availability_status", "description", "main_image_url", "is_featured", "is_published", "is_disabled", "created_at", "updated_at", "deleted_at") VALUES (31, 'CAGLI1003', 'Cordless angle grinder', 'cordless-angle-grinder-cagli1003', 9, 1, '190.00', 'available', NULL, 'https://www.ingco.com/userfiles/1/images/photo/20200730/CAGLI1003.jpg', FALSE, TRUE, FALSE, '2026-07-09T13:01:38.000Z', '2026-07-09T13:17:26.000Z', NULL);
INSERT INTO "products" ("id", "sku", "name", "slug", "brand_id", "category_id", "selling_price", "availability_status", "description", "main_image_url", "is_featured", "is_published", "is_disabled", "created_at", "updated_at", "deleted_at") VALUES (32, 'CAGLI1002', 'Cordless angle grinder', 'cordless-angle-grinder-cagli1002', 9, 1, '142.00', 'available', NULL, 'https://www.ingco.com/website-center/upload/images/b9859096d18343bfb1e63fc735f45372.jpg', FALSE, TRUE, FALSE, '2026-07-09T13:01:38.000Z', '2026-07-09T13:17:26.000Z', NULL);
INSERT INTO "products" ("id", "sku", "name", "slug", "brand_id", "category_id", "selling_price", "availability_status", "description", "main_image_url", "is_featured", "is_published", "is_disabled", "created_at", "updated_at", "deleted_at") VALUES (33, 'CAGLI10022', 'Cordless angle grinder', 'cordless-angle-grinder-cagli10022', 9, 1, '217.00', 'available', NULL, 'https://www.ingco.com/userfiles/1/images/photo/20200904231500306/CAGLI10022.jpg', FALSE, TRUE, FALSE, '2026-07-09T13:01:38.000Z', '2026-07-09T13:17:26.000Z', NULL);
INSERT INTO "products" ("id", "sku", "name", "slug", "brand_id", "category_id", "selling_price", "availability_status", "description", "main_image_url", "is_featured", "is_published", "is_disabled", "created_at", "updated_at", "deleted_at") VALUES (34, 'CAGLI1152', 'Cordless angle grinder', 'cordless-angle-grinder-cagli1152', 9, 1, '37.00', 'available', NULL, 'https://www.ingco.com/website-center/upload/images/ade91a7adc9b47cd9b1b64699ba28ea1.jpg', FALSE, TRUE, FALSE, '2026-07-09T13:01:38.000Z', '2026-07-09T13:17:26.000Z', NULL);
INSERT INTO "products" ("id", "sku", "name", "slug", "brand_id", "category_id", "selling_price", "availability_status", "description", "main_image_url", "is_featured", "is_published", "is_disabled", "created_at", "updated_at", "deleted_at") VALUES (35, 'CAGLI11522', 'Cordless angle grinder', 'cordless-angle-grinder-cagli11522', 9, 1, '87.00', 'available', NULL, 'https://www.ingco.com/userfiles/1/images/photo/20200904231500306/CAGLI11522.jpg', FALSE, TRUE, FALSE, '2026-07-09T13:01:38.000Z', '2026-07-09T13:17:26.000Z', NULL);
INSERT INTO "products" ("id", "sku", "name", "slug", "brand_id", "category_id", "selling_price", "availability_status", "description", "main_image_url", "is_featured", "is_published", "is_disabled", "created_at", "updated_at", "deleted_at") VALUES (36, 'CRHLI22012', 'Cordless rotary hammer', 'cordless-rotary-hammer-crhli22012', 9, 1, '35.00', 'available', NULL, 'https://www.ingco.com/userfiles/1/images/photo/20200904231500306/CRHLI22012.jpg', FALSE, TRUE, FALSE, '2026-07-09T13:01:38.000Z', '2026-07-09T13:17:26.000Z', NULL);
INSERT INTO "products" ("id", "sku", "name", "slug", "brand_id", "category_id", "selling_price", "availability_status", "description", "main_image_url", "is_featured", "is_published", "is_disabled", "created_at", "updated_at", "deleted_at") VALUES (37, 'CKLI2010', 'Cordless 4 Pcs combo kit', 'cordless-4-pcs-combo-kit-ckli2010', 9, 1, '181.00', 'available', NULL, 'https://www.ingco.com/website-center/upload/images/33e48ec1cae54901a59f2affa170fd7a.jpg', FALSE, TRUE, FALSE, '2026-07-09T13:01:38.000Z', '2026-07-09T13:17:26.000Z', NULL);
INSERT INTO "products" ("id", "sku", "name", "slug", "brand_id", "category_id", "selling_price", "availability_status", "description", "main_image_url", "is_featured", "is_published", "is_disabled", "created_at", "updated_at", "deleted_at") VALUES (38, 'CAGLI1001', 'Cordless angle grinder', 'cordless-angle-grinder-cagli1001', 9, 1, '62.00', 'available', NULL, 'https://www.ingco.com/website-center/upload/images/962c518433d948278d157bd1c13f0f38.jpg', FALSE, TRUE, FALSE, '2026-07-09T13:01:38.000Z', '2026-07-09T13:17:26.000Z', NULL);
INSERT INTO "products" ("id", "sku", "name", "slug", "brand_id", "category_id", "selling_price", "availability_status", "description", "main_image_url", "is_featured", "is_published", "is_disabled", "created_at", "updated_at", "deleted_at") VALUES (39, 'CUCLI2001', 'Cordless power source', 'cordless-power-source-cucli2001', 9, 1, '104.00', 'available', NULL, 'https://www.ingco.com/userfiles/1/images/photo/20200730/CUCLI2001.jpg', FALSE, TRUE, FALSE, '2026-07-09T13:01:38.000Z', '2026-07-09T13:17:26.000Z', NULL);
INSERT INTO "products" ("id", "sku", "name", "slug", "brand_id", "category_id", "selling_price", "availability_status", "description", "main_image_url", "is_featured", "is_published", "is_disabled", "created_at", "updated_at", "deleted_at") VALUES (40, 'CRSLI1151', 'Cordless reciprocating saw', 'cordless-reciprocating-saw-crsli1151', 9, 1, '51.00', 'available', NULL, 'https://www.ingco.com/userfiles/1/images/photo/20200730/CRSLI1151.JPG', FALSE, TRUE, FALSE, '2026-07-09T13:01:38.000Z', '2026-07-09T13:17:26.000Z', NULL);
INSERT INTO "products" ("id", "sku", "name", "slug", "brand_id", "category_id", "selling_price", "availability_status", "description", "main_image_url", "is_featured", "is_published", "is_disabled", "created_at", "updated_at", "deleted_at") VALUES (41, 'CDLI20011', 'Cordless drill', 'cordless-drill-cdli20011', 9, 1, '100.00', 'available', NULL, 'https://www.ingco.com/website-center/upload/images/e761e47467134cfc9d06e4935b133f16.jpg', FALSE, TRUE, FALSE, '2026-07-09T13:01:38.000Z', '2026-07-09T13:17:26.000Z', NULL);
INSERT INTO "products" ("id", "sku", "name", "slug", "brand_id", "category_id", "selling_price", "availability_status", "description", "main_image_url", "is_featured", "is_published", "is_disabled", "created_at", "updated_at", "deleted_at") VALUES (42, 'CIDLI2002', 'Cordless impact drill', 'cordless-impact-drill-cidli2002', 9, 1, '108.00', 'available', NULL, 'https://www.ingco.com/website-center/upload/images/ebc807b7e7684d88ae8bb36b828c5099.jpg', FALSE, TRUE, FALSE, '2026-07-09T13:01:38.000Z', '2026-07-09T13:17:26.000Z', NULL);
INSERT INTO "products" ("id", "sku", "name", "slug", "brand_id", "category_id", "selling_price", "availability_status", "description", "main_image_url", "is_featured", "is_published", "is_disabled", "created_at", "updated_at", "deleted_at") VALUES (43, 'CIDLI20031', 'Cordless impact drill', 'cordless-impact-drill-cidli20031', 9, 1, '192.00', 'available', NULL, 'https://www.ingco.com/userfiles/1/images/photo/20200730/CIDLI20031.jpg', FALSE, TRUE, FALSE, '2026-07-09T13:01:38.000Z', '2026-07-09T13:17:26.000Z', NULL);
INSERT INTO "products" ("id", "sku", "name", "slug", "brand_id", "category_id", "selling_price", "availability_status", "description", "main_image_url", "is_featured", "is_published", "is_disabled", "created_at", "updated_at", "deleted_at") VALUES (44, 'CVLI2001', 'Cordless vacuum cleaner', 'cordless-vacuum-cleaner-cvli2001', 9, 1, '180.00', 'available', NULL, 'https://www.ingco.com/userfiles/1/images/photo/20200903231500284/CVLI2001.jpg', FALSE, TRUE, FALSE, '2026-07-09T13:01:38.000Z', '2026-07-09T13:17:26.000Z', NULL);
INSERT INTO "products" ("id", "sku", "name", "slug", "brand_id", "category_id", "selling_price", "availability_status", "description", "main_image_url", "is_featured", "is_published", "is_disabled", "created_at", "updated_at", "deleted_at") VALUES (45, 'CAGLI1151', 'Cordless angle grinder', 'cordless-angle-grinder-cagli1151', 9, 1, '208.00', 'available', NULL, 'https://www.ingco.com/website-center/upload/images/ec1f0862f4854e7cb8ac0be68ecf8457.jpg', FALSE, TRUE, FALSE, '2026-07-09T13:01:38.000Z', '2026-07-09T13:17:26.000Z', NULL);
INSERT INTO "products" ("id", "sku", "name", "slug", "brand_id", "category_id", "selling_price", "availability_status", "description", "main_image_url", "is_featured", "is_published", "is_disabled", "created_at", "updated_at", "deleted_at") VALUES (46, 'CACLI2001', 'Cordless auto air compressor', 'cordless-auto-air-compressor-cacli2001', 9, 1, '93.00', 'available', NULL, 'https://www.ingco.com/userfiles/1/images/photo/20200730/CACLI2001.JPG', FALSE, TRUE, FALSE, '2026-07-09T13:01:38.000Z', '2026-07-09T13:17:26.000Z', NULL);
INSERT INTO "products" ("id", "sku", "name", "slug", "brand_id", "category_id", "selling_price", "availability_status", "description", "main_image_url", "is_featured", "is_published", "is_disabled", "created_at", "updated_at", "deleted_at") VALUES (47, 'CSLI1401', 'Cordless circular saw', 'cordless-circular-saw-csli1401', 9, 1, '111.00', 'available', NULL, 'https://www.ingco.com/website-center/upload/images/540455bfd1ce4f70baaf555680afc589.jpg', FALSE, TRUE, FALSE, '2026-07-09T13:11:50.000Z', '2026-07-09T13:17:26.000Z', NULL);
INSERT INTO "products" ("id", "sku", "name", "slug", "brand_id", "category_id", "selling_price", "availability_status", "description", "main_image_url", "is_featured", "is_published", "is_disabled", "created_at", "updated_at", "deleted_at") VALUES (48, 'CSLI1651', 'Cordless circular saw', 'cordless-circular-saw-csli1651', 9, 1, '185.00', 'available', NULL, 'https://www.ingco.com/website-center/upload/images/dd2e41f3172b4225ac2b18af5c352f79.jpg', FALSE, TRUE, FALSE, '2026-07-09T13:11:50.000Z', '2026-07-09T13:17:26.000Z', NULL);
INSERT INTO "products" ("id", "sku", "name", "slug", "brand_id", "category_id", "selling_price", "availability_status", "description", "main_image_url", "is_featured", "is_published", "is_disabled", "created_at", "updated_at", "deleted_at") VALUES (49, 'CJSLI8501', 'Cordless jig saw', 'cordless-jig-saw-cjsli8501', 9, 1, '172.00', 'available', NULL, 'https://www.ingco.com/userfiles/1/images/photo/20200730/CJSLI8501.JPG', FALSE, TRUE, FALSE, '2026-07-09T13:11:50.000Z', '2026-07-09T13:17:26.000Z', NULL);
INSERT INTO "products" ("id", "sku", "name", "slug", "brand_id", "category_id", "selling_price", "availability_status", "description", "main_image_url", "is_featured", "is_published", "is_disabled", "created_at", "updated_at", "deleted_at") VALUES (50, 'CMLI2001', 'Cordless multi-tool', 'cordless-multi-tool-cmli2001', 9, 1, '212.00', 'available', NULL, 'https://www.ingco.com/userfiles/1/images/photo/20200730/CMLI2001.JPG', FALSE, TRUE, FALSE, '2026-07-09T13:11:50.000Z', '2026-07-09T13:17:26.000Z', NULL);
INSERT INTO "products" ("id", "sku", "name", "slug", "brand_id", "category_id", "selling_price", "availability_status", "description", "main_image_url", "is_featured", "is_published", "is_disabled", "created_at", "updated_at", "deleted_at") VALUES (51, 'CROSLI2001', 'Cordless random orbit sander', 'cordless-random-orbit-sander-crosli2001', 9, 1, '43.00', 'available', NULL, 'https://www.ingco.com/website-center/upload/images/7de12d67c3a544d8a6c784959dad23f0.jpg', FALSE, TRUE, FALSE, '2026-07-09T13:11:50.000Z', '2026-07-09T13:17:26.000Z', NULL);
INSERT INTO "products" ("id", "sku", "name", "slug", "brand_id", "category_id", "selling_price", "availability_status", "description", "main_image_url", "is_featured", "is_published", "is_disabled", "created_at", "updated_at", "deleted_at") VALUES (52, 'CGGLI2001', 'Cordless glue gun', 'cordless-glue-gun-cggli2001', 9, 1, '206.00', 'available', NULL, 'https://www.ingco.com/userfiles/1/images/photo/20200901231500423/CGGLI2001.jpg', FALSE, TRUE, FALSE, '2026-07-09T13:11:50.000Z', '2026-07-09T13:17:26.000Z', NULL);
INSERT INTO "products" ("id", "sku", "name", "slug", "brand_id", "category_id", "selling_price", "availability_status", "description", "main_image_url", "is_featured", "is_published", "is_disabled", "created_at", "updated_at", "deleted_at") VALUES (53, 'CSILI2001', 'Cordless soldering iron', 'cordless-soldering-iron-csili2001', 9, 1, '114.00', 'available', NULL, 'https://www.ingco.com/userfiles/1/images/photo/20200730/CSILI2001.jpg', FALSE, TRUE, FALSE, '2026-07-09T13:11:50.000Z', '2026-07-09T13:17:26.000Z', NULL);
INSERT INTO "products" ("id", "sku", "name", "slug", "brand_id", "category_id", "selling_price", "availability_status", "description", "main_image_url", "is_featured", "is_published", "is_disabled", "created_at", "updated_at", "deleted_at") VALUES (54, 'CMS2001', 'Cordless mitre saw', 'cordless-mitre-saw-cms2001', 9, 1, '73.00', 'available', NULL, 'https://www.ingco.com/userfiles/1/images/photo/20200730/CMS2001.JPG', FALSE, TRUE, FALSE, '2026-07-09T13:11:50.000Z', '2026-07-09T13:17:26.000Z', NULL);
INSERT INTO "products" ("id", "sku", "name", "slug", "brand_id", "category_id", "selling_price", "availability_status", "description", "main_image_url", "is_featured", "is_published", "is_disabled", "created_at", "updated_at", "deleted_at") VALUES (55, 'CGGLI1201', 'Cordless glue gun', 'cordless-glue-gun-cggli1201', 9, 1, '52.00', 'available', NULL, 'https://www.ingco.com/userfiles/1/images/photo/20200901231500423/CGGLI1201.jpg', FALSE, TRUE, FALSE, '2026-07-09T13:11:50.000Z', '2026-07-09T13:17:26.000Z', NULL);
INSERT INTO "products" ("id", "sku", "name", "slug", "brand_id", "category_id", "selling_price", "availability_status", "description", "main_image_url", "is_featured", "is_published", "is_disabled", "created_at", "updated_at", "deleted_at") VALUES (56, 'CIRLI1201', 'Cordless impact driver', 'cordless-impact-driver-cirli1201', 9, 1, '178.00', 'available', NULL, 'https://www.ingco.com/website-center/upload/images/f5f1f26d0ecb475783de88a0e34f741c.jpg', FALSE, TRUE, FALSE, '2026-07-09T13:11:50.000Z', '2026-07-09T13:17:26.000Z', NULL);
INSERT INTO "products" ("id", "sku", "name", "slug", "brand_id", "category_id", "selling_price", "availability_status", "description", "main_image_url", "is_featured", "is_published", "is_disabled", "created_at", "updated_at", "deleted_at") VALUES (57, 'ID6808', 'Impact drill', 'impact-drill-id6808', 9, 1, '150.00', 'available', NULL, 'https://www.ingco.com/website-center/upload/images/dd83af32cfde40f18cc431715470836d.jpg', FALSE, TRUE, FALSE, '2026-07-09T13:11:50.000Z', '2026-07-09T13:17:26.000Z', NULL);
INSERT INTO "products" ("id", "sku", "name", "slug", "brand_id", "category_id", "selling_price", "availability_status", "description", "main_image_url", "is_featured", "is_published", "is_disabled", "created_at", "updated_at", "deleted_at") VALUES (58, 'ID8508', 'Impact drill', 'impact-drill-id8508', 9, 1, '106.00', 'available', NULL, 'https://www.ingco.com/userfiles/1/images/photo/20200903231500284/ID8508.jpg', FALSE, TRUE, FALSE, '2026-07-09T13:11:50.000Z', '2026-07-09T13:17:26.000Z', NULL);
INSERT INTO "products" ("id", "sku", "name", "slug", "brand_id", "category_id", "selling_price", "availability_status", "description", "main_image_url", "is_featured", "is_published", "is_disabled", "created_at", "updated_at", "deleted_at") VALUES (59, 'ID11008', 'Impact drill', 'impact-drill-id11008', 9, 1, '94.00', 'available', NULL, 'https://www.ingco.com/userfiles/1/images/photo/20200903231500284/ID11008.jpg', FALSE, TRUE, FALSE, '2026-07-09T13:11:50.000Z', '2026-07-09T13:17:26.000Z', NULL);
INSERT INTO "products" ("id", "sku", "name", "slug", "brand_id", "category_id", "selling_price", "availability_status", "description", "main_image_url", "is_featured", "is_published", "is_disabled", "created_at", "updated_at", "deleted_at") VALUES (60, 'ID11008-1', 'Impact drill', 'impact-drill-id11008-1', 9, 1, '216.00', 'available', NULL, 'https://www.ingco.com/userfiles/1/images/photo/20200730/ID11008-1.jpg', FALSE, TRUE, FALSE, '2026-07-09T13:11:50.000Z', '2026-07-09T13:17:26.000Z', NULL);
INSERT INTO "products" ("id", "sku", "name", "slug", "brand_id", "category_id", "selling_price", "availability_status", "description", "main_image_url", "is_featured", "is_published", "is_disabled", "created_at", "updated_at", "deleted_at") VALUES (61, 'ED2808', 'Electric drill', 'electric-drill-ed2808', 9, 1, '39.00', 'available', NULL, 'https://www.ingco.com/userfiles/1/images/photo/20200730/ED2808.JPG', FALSE, TRUE, FALSE, '2026-07-09T13:11:50.000Z', '2026-07-09T13:17:26.000Z', NULL);
INSERT INTO "products" ("id", "sku", "name", "slug", "brand_id", "category_id", "selling_price", "availability_status", "description", "main_image_url", "is_featured", "is_published", "is_disabled", "created_at", "updated_at", "deleted_at") VALUES (62, 'ED4508', 'Electric drill', 'electric-drill-ed4508', 9, 1, '120.00', 'available', NULL, 'https://www.ingco.com/userfiles/1/images/photo/20200730/ED4508.JPG', FALSE, TRUE, FALSE, '2026-07-09T13:11:50.000Z', '2026-07-09T13:17:26.000Z', NULL);
INSERT INTO "products" ("id", "sku", "name", "slug", "brand_id", "category_id", "selling_price", "availability_status", "description", "main_image_url", "is_featured", "is_published", "is_disabled", "created_at", "updated_at", "deleted_at") VALUES (63, 'ED50028', 'Electric drill', 'electric-drill-ed50028', 9, 1, '174.00', 'available', NULL, 'https://www.ingco.com/userfiles/1/images/photo/20200730/ED50028.JPG', FALSE, TRUE, FALSE, '2026-07-09T13:11:50.000Z', '2026-07-09T13:17:26.000Z', NULL);
INSERT INTO "products" ("id", "sku", "name", "slug", "brand_id", "category_id", "selling_price", "availability_status", "description", "main_image_url", "is_featured", "is_published", "is_disabled", "created_at", "updated_at", "deleted_at") VALUES (64, 'ED500282', 'Electric drill', 'electric-drill-ed500282', 9, 1, '38.00', 'available', NULL, 'https://www.ingco.com/userfiles/1/images/photo/20200730/ED500282.JPG', FALSE, TRUE, FALSE, '2026-07-09T13:11:50.000Z', '2026-07-09T13:17:26.000Z', NULL);
INSERT INTO "products" ("id", "sku", "name", "slug", "brand_id", "category_id", "selling_price", "availability_status", "description", "main_image_url", "is_featured", "is_published", "is_disabled", "created_at", "updated_at", "deleted_at") VALUES (65, 'IW10508', 'Impact wrench', 'impact-wrench-iw10508', 9, 3, '101.00', 'available', NULL, 'https://www.ingco.com/userfiles/1/images/photo/20200730/IW10508.JPG', FALSE, TRUE, FALSE, '2026-07-09T13:11:50.000Z', '2026-07-09T13:17:26.000Z', NULL);
INSERT INTO "products" ("id", "sku", "name", "slug", "brand_id", "category_id", "selling_price", "availability_status", "description", "main_image_url", "is_featured", "is_published", "is_disabled", "created_at", "updated_at", "deleted_at") VALUES (66, 'CSPLI1211', '12V lithium battery sprayer', '12v-lithium-battery-sprayer-cspli1211', 9, 2, '209.00', 'available', NULL, 'https://www.ingco.com/userfiles/1/images/photo/20200730/CSPLI1211.jpg', FALSE, TRUE, FALSE, '2026-07-09T13:13:14.000Z', '2026-07-09T13:17:26.000Z', NULL);
INSERT INTO "products" ("id", "sku", "name", "slug", "brand_id", "category_id", "selling_price", "availability_status", "description", "main_image_url", "is_featured", "is_published", "is_disabled", "created_at", "updated_at", "deleted_at") VALUES (67, 'FBLI20011', 'Lithium-Ion battery pack', 'lithium-ion-battery-pack-fbli20011', 9, 2, '111.00', 'available', NULL, 'https://www.ingco.com/userfiles/1/images/photo/20200730/FBLI20011.jpg', FALSE, TRUE, FALSE, '2026-07-09T13:13:14.000Z', '2026-07-09T13:17:26.000Z', NULL);
INSERT INTO "products" ("id", "sku", "name", "slug", "brand_id", "category_id", "selling_price", "availability_status", "description", "main_image_url", "is_featured", "is_published", "is_disabled", "created_at", "updated_at", "deleted_at") VALUES (68, 'FBLI2002', 'Lithium-Ion battery pack', 'lithium-ion-battery-pack-fbli2002', 9, 2, '119.00', 'available', NULL, 'https://www.ingco.com/userfiles/1/images/photo/20200730/FBLI2002.JPG', FALSE, TRUE, FALSE, '2026-07-09T13:13:14.000Z', '2026-07-09T13:17:26.000Z', NULL);
INSERT INTO "products" ("id", "sku", "name", "slug", "brand_id", "category_id", "selling_price", "availability_status", "description", "main_image_url", "is_featured", "is_published", "is_disabled", "created_at", "updated_at", "deleted_at") VALUES (69, 'CSPLI2001', '20V lithium battery sprayer', '20v-lithium-battery-sprayer-cspli2001', 9, 2, '143.00', 'available', NULL, 'https://www.ingco.com/userfiles/1/images/photo/20200730/CSPLI2001.jpg', FALSE, TRUE, FALSE, '2026-07-09T13:13:14.000Z', '2026-07-09T13:17:26.000Z', NULL);
INSERT INTO "products" ("id", "sku", "name", "slug", "brand_id", "category_id", "selling_price", "availability_status", "description", "main_image_url", "is_featured", "is_published", "is_disabled", "created_at", "updated_at", "deleted_at") VALUES (70, 'AG750282', 'Angle grinder', 'angle-grinder-ag750282', 9, 1, '129.00', 'available', NULL, 'https://www.ingco.com/userfiles/1/images/photo/20200730/AG750282.jpg', FALSE, TRUE, FALSE, '2026-07-09T13:13:14.000Z', '2026-07-09T13:17:26.000Z', NULL);
INSERT INTO "products" ("id", "sku", "name", "slug", "brand_id", "category_id", "selling_price", "availability_status", "description", "main_image_url", "is_featured", "is_published", "is_disabled", "created_at", "updated_at", "deleted_at") VALUES (71, 'AG900282', 'Angle grinder', 'angle-grinder-ag900282', 9, 1, '92.00', 'available', NULL, 'https://www.ingco.com/userfiles/1/images/photo/20200730/AG900282.png', FALSE, TRUE, FALSE, '2026-07-09T13:13:14.000Z', '2026-07-09T13:17:26.000Z', NULL);
INSERT INTO "products" ("id", "sku", "name", "slug", "brand_id", "category_id", "selling_price", "availability_status", "description", "main_image_url", "is_featured", "is_published", "is_disabled", "created_at", "updated_at", "deleted_at") VALUES (72, 'AG75028', 'Angle grinder', 'angle-grinder-ag75028', 9, 1, '160.00', 'available', NULL, 'https://www.ingco.com/userfiles/1/images/photo/20200730/AG75028.jpg', FALSE, TRUE, FALSE, '2026-07-09T13:13:14.000Z', '2026-07-09T13:17:26.000Z', NULL);
INSERT INTO "products" ("id", "sku", "name", "slug", "brand_id", "category_id", "selling_price", "availability_status", "description", "main_image_url", "is_featured", "is_published", "is_disabled", "created_at", "updated_at", "deleted_at") VALUES (73, 'AG90028', 'Angle grinder', 'angle-grinder-ag90028', 9, 1, '24.00', 'available', NULL, 'https://www.ingco.com/userfiles/1/images/photo/20200730/AG90028.png', FALSE, TRUE, FALSE, '2026-07-09T13:13:14.000Z', '2026-07-09T13:17:26.000Z', NULL);
INSERT INTO "products" ("id", "sku", "name", "slug", "brand_id", "category_id", "selling_price", "availability_status", "description", "main_image_url", "is_featured", "is_published", "is_disabled", "created_at", "updated_at", "deleted_at") VALUES (74, 'AG95018', 'Angle grinder', 'angle-grinder-ag95018', 9, 1, '187.00', 'available', NULL, 'https://www.ingco.com/userfiles/1/images/photo/20200730/AG95018.jpg', FALSE, TRUE, FALSE, '2026-07-09T13:13:14.000Z', '2026-07-09T13:17:26.000Z', NULL);
INSERT INTO "products" ("id", "sku", "name", "slug", "brand_id", "category_id", "selling_price", "availability_status", "description", "main_image_url", "is_featured", "is_published", "is_disabled", "created_at", "updated_at", "deleted_at") VALUES (75, 'AG110018', 'Angle grinder', 'angle-grinder-ag110018', 9, 1, '31.00', 'available', NULL, 'https://www.ingco.com/userfiles/1/images/photo/20200730/AG110018.jpg', FALSE, TRUE, FALSE, '2026-07-09T13:13:14.000Z', '2026-07-09T13:17:26.000Z', NULL);
INSERT INTO "products" ("id", "sku", "name", "slug", "brand_id", "category_id", "selling_price", "availability_status", "description", "main_image_url", "is_featured", "is_published", "is_disabled", "created_at", "updated_at", "deleted_at") VALUES (76, 'DBT1100303', 'HSS drill bit', 'hss-drill-bit-dbt1100303', 9, 1, '75.00', 'available', NULL, 'https://www.ingco.com/website-center/upload/images/DBT1100303.jpg', FALSE, TRUE, FALSE, '2026-07-09T13:13:14.000Z', '2026-07-09T13:17:26.000Z', NULL);
INSERT INTO "products" ("id", "sku", "name", "slug", "brand_id", "category_id", "selling_price", "availability_status", "description", "main_image_url", "is_featured", "is_published", "is_disabled", "created_at", "updated_at", "deleted_at") VALUES (77, 'DBT1100403', 'HSS drill bit', 'hss-drill-bit-dbt1100403', 9, 1, '197.00', 'available', NULL, 'https://www.ingco.com/website-center/upload/images/DBT1100303.jpg', FALSE, TRUE, FALSE, '2026-07-09T13:13:14.000Z', '2026-07-09T13:17:26.000Z', NULL);
INSERT INTO "products" ("id", "sku", "name", "slug", "brand_id", "category_id", "selling_price", "availability_status", "description", "main_image_url", "is_featured", "is_published", "is_disabled", "created_at", "updated_at", "deleted_at") VALUES (78, 'DBT1100503', 'HSS drill bit', 'hss-drill-bit-dbt1100503', 9, 1, '206.00', 'available', NULL, 'https://www.ingco.com/website-center/upload/images/DBT1100303.jpg', FALSE, TRUE, FALSE, '2026-07-09T13:13:14.000Z', '2026-07-09T13:17:26.000Z', NULL);
INSERT INTO "products" ("id", "sku", "name", "slug", "brand_id", "category_id", "selling_price", "availability_status", "description", "main_image_url", "is_featured", "is_published", "is_disabled", "created_at", "updated_at", "deleted_at") VALUES (79, 'DBT1100603', 'HSS drill bit', 'hss-drill-bit-dbt1100603', 9, 1, '37.00', 'available', NULL, 'https://www.ingco.com/website-center/upload/images/DBT1100303.jpg', FALSE, TRUE, FALSE, '2026-07-09T13:13:14.000Z', '2026-07-09T13:17:26.000Z', NULL);
INSERT INTO "products" ("id", "sku", "name", "slug", "brand_id", "category_id", "selling_price", "availability_status", "description", "main_image_url", "is_featured", "is_published", "is_disabled", "created_at", "updated_at", "deleted_at") VALUES (80, 'DBT1100803', 'HSS drill bit', 'hss-drill-bit-dbt1100803', 9, 1, '23.00', 'available', NULL, 'https://www.ingco.com/website-center/upload/images/DBT1100303.jpg', FALSE, TRUE, FALSE, '2026-07-09T13:13:14.000Z', '2026-07-09T13:17:26.000Z', NULL);
INSERT INTO "products" ("id", "sku", "name", "slug", "brand_id", "category_id", "selling_price", "availability_status", "description", "main_image_url", "is_featured", "is_published", "is_disabled", "created_at", "updated_at", "deleted_at") VALUES (81, 'DBT1101003', 'HSS drill bit', 'hss-drill-bit-dbt1101003', 9, 1, '132.00', 'available', NULL, 'https://www.ingco.com/website-center/upload/images/DBT1100303.jpg', FALSE, TRUE, FALSE, '2026-07-09T13:13:14.000Z', '2026-07-09T13:17:26.000Z', NULL);
INSERT INTO "products" ("id", "sku", "name", "slug", "brand_id", "category_id", "selling_price", "availability_status", "description", "main_image_url", "is_featured", "is_published", "is_disabled", "created_at", "updated_at", "deleted_at") VALUES (82, 'DBT1101203', 'HSS drill bit', 'hss-drill-bit-dbt1101203', 9, 1, '217.00', 'available', NULL, 'https://www.ingco.com/website-center/upload/images/DBT1100303.jpg', FALSE, TRUE, FALSE, '2026-07-09T13:13:14.000Z', '2026-07-09T13:17:26.000Z', NULL);
INSERT INTO "products" ("id", "sku", "name", "slug", "brand_id", "category_id", "selling_price", "availability_status", "description", "main_image_url", "is_featured", "is_published", "is_disabled", "created_at", "updated_at", "deleted_at") VALUES (83, 'DBT1110301', 'M2 HSS drill bit', 'm2-hss-drill-bit-dbt1110301', 9, 1, '172.00', 'available', NULL, 'https://www.ingco.com/userfiles/1/images/photo/20200730/DBT1110301.JPG', FALSE, TRUE, FALSE, '2026-07-09T13:13:14.000Z', '2026-07-09T13:17:26.000Z', NULL);
INSERT INTO "products" ("id", "sku", "name", "slug", "brand_id", "category_id", "selling_price", "availability_status", "description", "main_image_url", "is_featured", "is_published", "is_disabled", "created_at", "updated_at", "deleted_at") VALUES (84, 'DBT1110401', 'M2 HSS drill bit', 'm2-hss-drill-bit-dbt1110401', 9, 1, '205.00', 'available', NULL, 'https://www.ingco.com/userfiles/1/images/photo/20200730/DBT1110401.JPG', FALSE, TRUE, FALSE, '2026-07-09T13:13:14.000Z', '2026-07-09T13:17:26.000Z', NULL);
INSERT INTO "products" ("id", "sku", "name", "slug", "brand_id", "category_id", "selling_price", "availability_status", "description", "main_image_url", "is_featured", "is_published", "is_disabled", "created_at", "updated_at", "deleted_at") VALUES (85, 'DBT1110501', 'M2 HSS drill bit', 'm2-hss-drill-bit-dbt1110501', 9, 1, '212.00', 'available', NULL, 'https://www.ingco.com/userfiles/1/images/photo/20200730/DBT1110501.JPG', FALSE, TRUE, FALSE, '2026-07-09T13:13:14.000Z', '2026-07-09T13:17:26.000Z', NULL);
INSERT INTO "products" ("id", "sku", "name", "slug", "brand_id", "category_id", "selling_price", "availability_status", "description", "main_image_url", "is_featured", "is_published", "is_disabled", "created_at", "updated_at", "deleted_at") VALUES (86, 'DBT1110601', 'HSS drill bit', 'hss-drill-bit-dbt1110601', 9, 1, '25.00', 'available', NULL, 'https://www.ingco.com/userfiles/1/images/photo/20200730/DBT1110601.jpg', FALSE, TRUE, FALSE, '2026-07-09T13:13:14.000Z', '2026-07-09T13:17:26.000Z', NULL);
INSERT INTO "products" ("id", "sku", "name", "slug", "brand_id", "category_id", "selling_price", "availability_status", "description", "main_image_url", "is_featured", "is_published", "is_disabled", "created_at", "updated_at", "deleted_at") VALUES (87, 'DBT1111001', 'M2 HSS drill bit', 'm2-hss-drill-bit-dbt1111001', 9, 1, '127.00', 'available', NULL, 'https://www.ingco.com/userfiles/1/images/photo/20200730/DBT1111001.jpg', FALSE, TRUE, FALSE, '2026-07-09T13:13:14.000Z', '2026-07-09T13:17:26.000Z', NULL);
INSERT INTO "products" ("id", "sku", "name", "slug", "brand_id", "category_id", "selling_price", "availability_status", "description", "main_image_url", "is_featured", "is_published", "is_disabled", "created_at", "updated_at", "deleted_at") VALUES (88, 'DBT1110801', 'M2 HSS drill bit', 'm2-hss-drill-bit-dbt1110801', 9, 1, '199.00', 'available', NULL, 'https://www.ingco.com/userfiles/1/images/photo/20200730/DBT1110801.jpg', FALSE, TRUE, FALSE, '2026-07-09T13:13:14.000Z', '2026-07-09T13:17:26.000Z', NULL);
INSERT INTO "products" ("id", "sku", "name", "slug", "brand_id", "category_id", "selling_price", "availability_status", "description", "main_image_url", "is_featured", "is_published", "is_disabled", "created_at", "updated_at", "deleted_at") VALUES (89, 'DBT1111201', 'M2 HSS drill bit', 'm2-hss-drill-bit-dbt1111201', 9, 1, '202.00', 'available', NULL, 'https://www.ingco.com/userfiles/1/images/photo/20200730/DBT1111201.jpg', FALSE, TRUE, FALSE, '2026-07-09T13:13:14.000Z', '2026-07-09T13:17:26.000Z', NULL);
INSERT INTO "products" ("id", "sku", "name", "slug", "brand_id", "category_id", "selling_price", "availability_status", "description", "main_image_url", "is_featured", "is_published", "is_disabled", "created_at", "updated_at", "deleted_at") VALUES (90, 'DBM111061', 'Masonry drill bit', 'masonry-drill-bit-dbm111061', 9, 1, '192.00', 'available', NULL, 'https://www.ingco.com/userfiles/1/images/photo/20200730/DBM111061.jpg', FALSE, TRUE, FALSE, '2026-07-09T13:13:14.000Z', '2026-07-09T13:17:26.000Z', NULL);
INSERT INTO "products" ("id", "sku", "name", "slug", "brand_id", "category_id", "selling_price", "availability_status", "description", "main_image_url", "is_featured", "is_published", "is_disabled", "created_at", "updated_at", "deleted_at") VALUES (91, 'DBM111081', 'Masonry drill bit', 'masonry-drill-bit-dbm111081', 9, 1, '112.00', 'available', NULL, 'https://www.ingco.com/userfiles/1/images/photo/20200730/DBM111081.jpg', FALSE, TRUE, FALSE, '2026-07-09T13:13:14.000Z', '2026-07-09T13:17:26.000Z', NULL);
INSERT INTO "products" ("id", "sku", "name", "slug", "brand_id", "category_id", "selling_price", "availability_status", "description", "main_image_url", "is_featured", "is_published", "is_disabled", "created_at", "updated_at", "deleted_at") VALUES (92, 'DBM111101', 'Masonry drill bit', 'masonry-drill-bit-dbm111101', 9, 1, '158.00', 'available', NULL, 'https://www.ingco.com/userfiles/1/images/photo/20200730/DBM111101.jpg', FALSE, TRUE, FALSE, '2026-07-09T13:13:14.000Z', '2026-07-09T13:17:26.000Z', NULL);
INSERT INTO "products" ("id", "sku", "name", "slug", "brand_id", "category_id", "selling_price", "availability_status", "description", "main_image_url", "is_featured", "is_published", "is_disabled", "created_at", "updated_at", "deleted_at") VALUES (93, 'DBM111102', 'Masonry drill bit', 'masonry-drill-bit-dbm111102', 9, 1, '212.00', 'available', NULL, 'https://www.ingco.com/userfiles/1/images/photo/20200730/DBM111102.jpg', FALSE, TRUE, FALSE, '2026-07-09T13:13:14.000Z', '2026-07-09T13:17:26.000Z', NULL);
INSERT INTO "products" ("id", "sku", "name", "slug", "brand_id", "category_id", "selling_price", "availability_status", "description", "main_image_url", "is_featured", "is_published", "is_disabled", "created_at", "updated_at", "deleted_at") VALUES (94, 'DBM111121', 'Masonry drill bit', 'masonry-drill-bit-dbm111121', 9, 1, '23.00', 'available', NULL, 'https://www.ingco.com/userfiles/1/images/photo/20200730/DBM111121.jpg', FALSE, TRUE, FALSE, '2026-07-09T13:13:14.000Z', '2026-07-09T13:17:26.000Z', NULL);
INSERT INTO "products" ("id", "sku", "name", "slug", "brand_id", "category_id", "selling_price", "availability_status", "description", "main_image_url", "is_featured", "is_published", "is_disabled", "created_at", "updated_at", "deleted_at") VALUES (95, 'DBH1210601', 'SDS plus hammer drill', 'sds-plus-hammer-drill-dbh1210601', 9, 3, '114.00', 'available', NULL, 'https://www.ingco.com/userfiles/1/images/photo/20200730/DBH1210601.jpg', FALSE, TRUE, FALSE, '2026-07-09T13:13:14.000Z', '2026-07-09T13:17:26.000Z', NULL);
INSERT INTO "products" ("id", "sku", "name", "slug", "brand_id", "category_id", "selling_price", "availability_status", "description", "main_image_url", "is_featured", "is_published", "is_disabled", "created_at", "updated_at", "deleted_at") VALUES (96, 'DBH1210801', 'SDS plus hammer drill', 'sds-plus-hammer-drill-dbh1210801', 9, 3, '213.00', 'available', NULL, 'https://www.ingco.com/userfiles/1/images/photo/20200730/DBH1210801.jpg', FALSE, TRUE, FALSE, '2026-07-09T13:13:14.000Z', '2026-07-09T13:17:26.000Z', NULL);
INSERT INTO "products" ("id", "sku", "name", "slug", "brand_id", "category_id", "selling_price", "availability_status", "description", "main_image_url", "is_featured", "is_published", "is_disabled", "created_at", "updated_at", "deleted_at") VALUES (97, 'DBH1210602', 'SDS plus hammer drill', 'sds-plus-hammer-drill-dbh1210602', 9, 3, '138.00', 'available', NULL, 'https://www.ingco.com/userfiles/1/images/photo/20200730/DBH1210602.jpg', FALSE, TRUE, FALSE, '2026-07-09T13:13:14.000Z', '2026-07-09T13:17:26.000Z', NULL);
INSERT INTO "products" ("id", "sku", "name", "slug", "brand_id", "category_id", "selling_price", "availability_status", "description", "main_image_url", "is_featured", "is_published", "is_disabled", "created_at", "updated_at", "deleted_at") VALUES (98, 'DBH1210802', 'SDS plus hammer drill', 'sds-plus-hammer-drill-dbh1210802', 9, 3, '30.00', 'available', NULL, 'https://www.ingco.com/userfiles/1/images/photo/20200730/DBH1210802.jpg', FALSE, TRUE, FALSE, '2026-07-09T13:13:14.000Z', '2026-07-09T13:17:26.000Z', NULL);
INSERT INTO "products" ("id", "sku", "name", "slug", "brand_id", "category_id", "selling_price", "availability_status", "description", "main_image_url", "is_featured", "is_published", "is_disabled", "created_at", "updated_at", "deleted_at") VALUES (99, 'DBH1211002', 'SDS plus hammer drill', 'sds-plus-hammer-drill-dbh1211002', 9, 3, '168.00', 'available', NULL, 'https://www.ingco.com/userfiles/1/images/photo/20200730/DBH1211002.jpg', FALSE, TRUE, FALSE, '2026-07-09T13:13:14.000Z', '2026-07-09T13:17:26.000Z', NULL);
INSERT INTO "products" ("id", "sku", "name", "slug", "brand_id", "category_id", "selling_price", "availability_status", "description", "main_image_url", "is_featured", "is_published", "is_disabled", "created_at", "updated_at", "deleted_at") VALUES (100, 'DBH1211201', 'SDS plus hammer drill', 'sds-plus-hammer-drill-dbh1211201', 9, 3, '92.00', 'available', NULL, 'https://www.ingco.com/userfiles/1/images/photo/20200730/DBH1211201.jpg', FALSE, TRUE, FALSE, '2026-07-09T13:13:14.000Z', '2026-07-09T13:17:26.000Z', NULL);
INSERT INTO "products" ("id", "sku", "name", "slug", "brand_id", "category_id", "selling_price", "availability_status", "description", "main_image_url", "is_featured", "is_published", "is_disabled", "created_at", "updated_at", "deleted_at") VALUES (101, 'DBH1210803', 'SDS plus hammer drill', 'sds-plus-hammer-drill-dbh1210803', 9, 3, '184.00', 'available', NULL, 'https://www.ingco.com/userfiles/1/images/photo/20200730/DBH1210803.jpg', FALSE, TRUE, FALSE, '2026-07-09T13:13:14.000Z', '2026-07-09T13:17:26.000Z', NULL);
INSERT INTO "products" ("id", "sku", "name", "slug", "brand_id", "category_id", "selling_price", "availability_status", "description", "main_image_url", "is_featured", "is_published", "is_disabled", "created_at", "updated_at", "deleted_at") VALUES (102, 'DBH1211003', 'SDS plus hammer drill', 'sds-plus-hammer-drill-dbh1211003', 9, 3, '130.00', 'available', NULL, 'https://www.ingco.com/userfiles/1/images/photo/20200730/DBH1211003.jpg', FALSE, TRUE, FALSE, '2026-07-09T13:13:14.000Z', '2026-07-09T13:17:26.000Z', NULL);
INSERT INTO "products" ("id", "sku", "name", "slug", "brand_id", "category_id", "selling_price", "availability_status", "description", "main_image_url", "is_featured", "is_published", "is_disabled", "created_at", "updated_at", "deleted_at") VALUES (103, 'DBH1211402', 'SDS plus hammer drill', 'sds-plus-hammer-drill-dbh1211402', 9, 3, '40.00', 'available', NULL, 'https://www.ingco.com/userfiles/1/images/photo/20200730/DBH1211402.jpg', FALSE, TRUE, FALSE, '2026-07-09T13:13:14.000Z', '2026-07-09T13:17:26.000Z', NULL);
INSERT INTO "products" ("id", "sku", "name", "slug", "brand_id", "category_id", "selling_price", "availability_status", "description", "main_image_url", "is_featured", "is_published", "is_disabled", "created_at", "updated_at", "deleted_at") VALUES (104, 'DBH1211602', 'SDS plus hammer drill', 'sds-plus-hammer-drill-dbh1211602', 9, 3, '84.00', 'available', NULL, 'https://www.ingco.com/userfiles/1/images/photo/20200730/DBH1211602.jpg', FALSE, TRUE, FALSE, '2026-07-09T13:13:14.000Z', '2026-07-09T13:17:26.000Z', NULL);
INSERT INTO "products" ("id", "sku", "name", "slug", "brand_id", "category_id", "selling_price", "availability_status", "description", "main_image_url", "is_featured", "is_published", "is_disabled", "created_at", "updated_at", "deleted_at") VALUES (105, 'DBH1211801', 'SDS plus hammer drill', 'sds-plus-hammer-drill-dbh1211801', 9, 3, '23.00', 'available', NULL, 'https://www.ingco.com/userfiles/1/images/photo/20200730/DBH1211801.jpg', FALSE, TRUE, FALSE, '2026-07-09T13:13:14.000Z', '2026-07-09T13:17:26.000Z', NULL);
INSERT INTO "products" ("id", "sku", "name", "slug", "brand_id", "category_id", "selling_price", "availability_status", "description", "main_image_url", "is_featured", "is_published", "is_disabled", "created_at", "updated_at", "deleted_at") VALUES (106, 'DBH1212001', 'SDS-Plus hammer drill', 'sds-plus-hammer-drill-dbh1212001', 9, 3, '119.00', 'available', NULL, 'https://www.ingco.com/userfiles/1/images/photo/20200730/DBH1212001.jpg', FALSE, TRUE, FALSE, '2026-07-09T13:13:14.000Z', '2026-07-09T13:17:26.000Z', NULL);
INSERT INTO "products" ("id", "sku", "name", "slug", "brand_id", "category_id", "selling_price", "availability_status", "description", "main_image_url", "is_featured", "is_published", "is_disabled", "created_at", "updated_at", "deleted_at") VALUES (107, 'DBH1211403', 'SDS plus hammer drill', 'sds-plus-hammer-drill-dbh1211403', 9, 3, '50.00', 'available', NULL, 'https://www.ingco.com/userfiles/1/images/photo/20200730/DBH1211403.jpg', FALSE, TRUE, FALSE, '2026-07-09T13:13:14.000Z', '2026-07-09T13:17:26.000Z', NULL);
INSERT INTO "products" ("id", "sku", "name", "slug", "brand_id", "category_id", "selling_price", "availability_status", "description", "main_image_url", "is_featured", "is_published", "is_disabled", "created_at", "updated_at", "deleted_at") VALUES (108, 'DBH1211604', 'SDS plus hammer drill', 'sds-plus-hammer-drill-dbh1211604', 9, 3, '147.00', 'available', NULL, 'https://www.ingco.com/userfiles/1/images/photo/20200730/DBH1211604.jpg', FALSE, TRUE, FALSE, '2026-07-09T13:13:14.000Z', '2026-07-09T13:17:26.000Z', NULL);
INSERT INTO "products" ("id", "sku", "name", "slug", "brand_id", "category_id", "selling_price", "availability_status", "description", "main_image_url", "is_featured", "is_published", "is_disabled", "created_at", "updated_at", "deleted_at") VALUES (109, 'DBH1211804', 'SDS plus hammer drill', 'sds-plus-hammer-drill-dbh1211804', 9, 3, '61.00', 'available', NULL, 'https://www.ingco.com/userfiles/1/images/photo/20200730/DBH1211804.jpg', FALSE, TRUE, FALSE, '2026-07-09T13:13:14.000Z', '2026-07-09T13:17:26.000Z', NULL);
INSERT INTO "products" ("id", "sku", "name", "slug", "brand_id", "category_id", "selling_price", "availability_status", "description", "main_image_url", "is_featured", "is_published", "is_disabled", "created_at", "updated_at", "deleted_at") VALUES (110, 'DBH1212004', 'SDS-Plus hammer drill', 'sds-plus-hammer-drill-dbh1212004', 9, 3, '113.00', 'available', NULL, 'https://www.ingco.com/userfiles/1/images/photo/20200730/DBH1212004.jpg', FALSE, TRUE, FALSE, '2026-07-09T13:13:14.000Z', '2026-07-09T13:17:26.000Z', NULL);
INSERT INTO "products" ("id", "sku", "name", "slug", "brand_id", "category_id", "selling_price", "availability_status", "description", "main_image_url", "is_featured", "is_published", "is_disabled", "created_at", "updated_at", "deleted_at") VALUES (111, 'AKD5075', '7 Pcs SDS max hammer drill bit and chisel set', '7-pcs-sds-max-hammer-drill-bit-and-chisel-set-akd5075', 9, 3, '104.00', 'available', NULL, 'https://www.ingco.com/userfiles/1/images/photo/20200730/AKD5075.jpg', FALSE, TRUE, FALSE, '2026-07-09T13:13:14.000Z', '2026-07-09T13:17:26.000Z', NULL);
INSERT INTO "products" ("id", "sku", "name", "slug", "brand_id", "category_id", "selling_price", "availability_status", "description", "main_image_url", "is_featured", "is_published", "is_disabled", "created_at", "updated_at", "deleted_at") VALUES (112, 'AKDB1065', '6 Pcs HSS twist drill bits set', '6-pcs-hss-twist-drill-bits-set-akdb1065', 9, 1, '93.00', 'available', NULL, 'https://www.ingco.com/userfiles/1/images/photo/20200730/AKDB1065.jpg', FALSE, TRUE, FALSE, '2026-07-09T13:13:14.000Z', '2026-07-09T13:17:26.000Z', NULL);
INSERT INTO "products" ("id", "sku", "name", "slug", "brand_id", "category_id", "selling_price", "availability_status", "description", "main_image_url", "is_featured", "is_published", "is_disabled", "created_at", "updated_at", "deleted_at") VALUES (113, 'AKDB1125', '12 Pcs HSS twist drill bits set', '12-pcs-hss-twist-drill-bits-set-akdb1125', 9, 1, '94.00', 'available', NULL, 'https://www.ingco.com/userfiles/1/images/photo/20200730/AKDB1125.jpg', FALSE, TRUE, FALSE, '2026-07-09T13:13:14.000Z', '2026-07-09T13:17:26.000Z', NULL);
INSERT INTO "products" ("id", "sku", "name", "slug", "brand_id", "category_id", "selling_price", "availability_status", "description", "main_image_url", "is_featured", "is_published", "is_disabled", "created_at", "updated_at", "deleted_at") VALUES (114, 'AKD1251', '25Pcs HSS drill bits set', '25pcs-hss-drill-bits-set-akd1251', 9, 1, '118.00', 'available', NULL, 'https://www.ingco.com/userfiles/1/images/photo/20200730/AKD1251.JPG', FALSE, TRUE, FALSE, '2026-07-09T13:13:14.000Z', '2026-07-09T13:17:26.000Z', NULL);
INSERT INTO "products" ("id", "sku", "name", "slug", "brand_id", "category_id", "selling_price", "availability_status", "description", "main_image_url", "is_featured", "is_published", "is_disabled", "created_at", "updated_at", "deleted_at") VALUES (115, 'ING-MMA1305', 'Inverter MMA welding machine', 'inverter-mma-welding-machine-ing-mma1305', 9, 5, '34.00', 'available', NULL, 'https://www.ingco.com/userfiles/1/images/photo/20200730/ING-MMA1305.jpg', FALSE, TRUE, FALSE, '2026-07-09T13:13:14.000Z', '2026-07-09T13:17:26.000Z', NULL);
INSERT INTO "products" ("id", "sku", "name", "slug", "brand_id", "category_id", "selling_price", "availability_status", "description", "main_image_url", "is_featured", "is_published", "is_disabled", "created_at", "updated_at", "deleted_at") VALUES (116, 'ING-MMA16015', 'Inverter MMA welding machine', 'inverter-mma-welding-machine-ing-mma16015', 9, 5, '205.00', 'available', NULL, 'https://www.ingco.com/userfiles/1/images/photo/20200730/ING-MMA16015.jpg', FALSE, TRUE, FALSE, '2026-07-09T13:13:14.000Z', '2026-07-09T13:17:26.000Z', NULL);
INSERT INTO "products" ("id", "sku", "name", "slug", "brand_id", "category_id", "selling_price", "availability_status", "description", "main_image_url", "is_featured", "is_published", "is_disabled", "created_at", "updated_at", "deleted_at") VALUES (117, 'ING-MMA1805', 'Inverter MMA welding machine', 'inverter-mma-welding-machine-ing-mma1805', 9, 5, '97.00', 'available', NULL, 'https://www.ingco.com/userfiles/1/images/photo/20200730/ING-MMA1805.jpg', FALSE, TRUE, FALSE, '2026-07-09T13:13:14.000Z', '2026-07-09T13:17:26.000Z', NULL);
INSERT INTO "products" ("id", "sku", "name", "slug", "brand_id", "category_id", "selling_price", "availability_status", "description", "main_image_url", "is_featured", "is_published", "is_disabled", "created_at", "updated_at", "deleted_at") VALUES (118, 'ING-MMA1302', 'Inverter MMA welding machine', 'inverter-mma-welding-machine-ing-mma1302', 9, 5, '101.00', 'available', NULL, 'https://www.ingco.com/userfiles/1/images/photo/20220511100000677/ING-MMA1302.jpg', FALSE, TRUE, FALSE, '2026-07-09T13:13:14.000Z', '2026-07-09T13:17:26.000Z', NULL);
INSERT INTO "products" ("id", "sku", "name", "slug", "brand_id", "category_id", "selling_price", "availability_status", "description", "main_image_url", "is_featured", "is_published", "is_disabled", "created_at", "updated_at", "deleted_at") VALUES (119, 'ING-MMA1602', 'Inverter MMA welding machine', 'inverter-mma-welding-machine-ing-mma1602', 9, 5, '69.00', 'available', NULL, 'https://www.ingco.com/userfiles/1/images/photo/20220511100000677/ING-MMA1602.jpg', FALSE, TRUE, FALSE, '2026-07-09T13:13:14.000Z', '2026-07-09T13:17:26.000Z', NULL);
INSERT INTO "products" ("id", "sku", "name", "slug", "brand_id", "category_id", "selling_price", "availability_status", "description", "main_image_url", "is_featured", "is_published", "is_disabled", "created_at", "updated_at", "deleted_at") VALUES (120, 'ING-MMA1606', 'Inverter MMA welding machine', 'inverter-mma-welding-machine-ing-mma1606', 9, 5, '104.00', 'available', NULL, 'https://www.ingco.com/userfiles/1/images/photo/20200730/ING-MMA1606.jpg', FALSE, TRUE, FALSE, '2026-07-09T13:13:14.000Z', '2026-07-09T13:17:26.000Z', NULL);
INSERT INTO "products" ("id", "sku", "name", "slug", "brand_id", "category_id", "selling_price", "availability_status", "description", "main_image_url", "is_featured", "is_published", "is_disabled", "created_at", "updated_at", "deleted_at") VALUES (121, 'ING-MMA2006', 'Inverter MMA welding machine', 'inverter-mma-welding-machine-ing-mma2006', 9, 5, '197.00', 'available', NULL, 'https://www.ingco.com/userfiles/1/images/photo/20200730/ING-MMA2006.JPG', FALSE, TRUE, FALSE, '2026-07-09T13:13:14.000Z', '2026-07-09T13:17:26.000Z', NULL);
INSERT INTO "products" ("id", "sku", "name", "slug", "brand_id", "category_id", "selling_price", "availability_status", "description", "main_image_url", "is_featured", "is_published", "is_disabled", "created_at", "updated_at", "deleted_at") VALUES (122, 'ING-MMA2508', 'Inverter MMA welding machine', 'inverter-mma-welding-machine-ing-mma2508', 9, 5, '119.00', 'available', NULL, 'https://www.ingco.com/userfiles/1/images/photo/20200730/ING-MMA2508.JPG', FALSE, TRUE, FALSE, '2026-07-09T13:13:14.000Z', '2026-07-09T13:17:26.000Z', NULL);
INSERT INTO "products" ("id", "sku", "name", "slug", "brand_id", "category_id", "selling_price", "availability_status", "description", "main_image_url", "is_featured", "is_published", "is_disabled", "created_at", "updated_at", "deleted_at") VALUES (123, 'ING-MMA5008', 'Inverter MMA welding machine', 'inverter-mma-welding-machine-ing-mma5008', 9, 5, '214.00', 'available', NULL, 'https://www.ingco.com/userfiles/1/images/photo/20200730/ING-MMA5008.JPG', FALSE, TRUE, FALSE, '2026-07-09T13:13:14.000Z', '2026-07-09T13:17:26.000Z', NULL);
INSERT INTO "products" ("id", "sku", "name", "slug", "brand_id", "category_id", "selling_price", "availability_status", "description", "main_image_url", "is_featured", "is_published", "is_disabled", "created_at", "updated_at", "deleted_at") VALUES (124, 'ING-MMA6308', 'Inverter MMA welding machine', 'inverter-mma-welding-machine-ing-mma6308', 9, 5, '154.00', 'available', NULL, 'https://www.ingco.com/userfiles/1/images/photo/20200730/ING-MMA6308.JPG', FALSE, TRUE, FALSE, '2026-07-09T13:13:14.000Z', '2026-07-09T13:17:26.000Z', NULL);
INSERT INTO "products" ("id", "sku", "name", "slug", "brand_id", "category_id", "selling_price", "availability_status", "description", "main_image_url", "is_featured", "is_published", "is_disabled", "created_at", "updated_at", "deleted_at") VALUES (125, 'HKISSD12101', '10 Pcs 1/2" DR. Impact socket set', '10-pcs-1-2-dr-impact-socket-set-hkissd12101', 9, 3, '60.00', 'available', NULL, 'https://www.ingco.com/userfiles/1/images/photo/20200730/HKISSD12101.jpg', FALSE, TRUE, FALSE, '2026-07-09T13:13:14.000Z', '2026-07-09T13:17:26.000Z', NULL);
INSERT INTO "products" ("id", "sku", "name", "slug", "brand_id", "category_id", "selling_price", "availability_status", "description", "main_image_url", "is_featured", "is_published", "is_disabled", "created_at", "updated_at", "deleted_at") VALUES (126, 'HKISSD12102L', '10 Pcs 1/2" deep impact socket set', '10-pcs-1-2-deep-impact-socket-set-hkissd12102l', 9, 3, '202.00', 'available', NULL, 'https://www.ingco.com/userfiles/1/images/photo/20200730/HKISSD12102L.jpg', FALSE, TRUE, FALSE, '2026-07-09T13:13:14.000Z', '2026-07-09T13:17:26.000Z', NULL);
INSERT INTO "products" ("id", "sku", "name", "slug", "brand_id", "category_id", "selling_price", "availability_status", "description", "main_image_url", "is_featured", "is_published", "is_disabled", "created_at", "updated_at", "deleted_at") VALUES (127, 'HHIS0119L', '1"DR. Impact socket', '1-dr-impact-socket-hhis0119l', 9, 3, '21.00', 'available', NULL, 'https://www.ingco.com/userfiles/1/images/photo/20200730/HHIS0119L.jpg', FALSE, TRUE, FALSE, '2026-07-09T13:13:14.000Z', '2026-07-09T13:17:26.000Z', NULL);
INSERT INTO "products" ("id", "sku", "name", "slug", "brand_id", "category_id", "selling_price", "availability_status", "description", "main_image_url", "is_featured", "is_published", "is_disabled", "created_at", "updated_at", "deleted_at") VALUES (128, 'HHIS0121L', '1"DR. Impact socket', '1-dr-impact-socket-hhis0121l', 9, 3, '132.00', 'available', NULL, 'https://www.ingco.com/userfiles/1/images/photo/20200730/HHIS0121L.jpg', FALSE, TRUE, FALSE, '2026-07-09T13:13:14.000Z', '2026-07-09T13:17:26.000Z', NULL);
INSERT INTO "products" ("id", "sku", "name", "slug", "brand_id", "category_id", "selling_price", "availability_status", "description", "main_image_url", "is_featured", "is_published", "is_disabled", "created_at", "updated_at", "deleted_at") VALUES (129, 'HHIS0122L', '1"DR. Impact socket', '1-dr-impact-socket-hhis0122l', 9, 3, '196.00', 'available', NULL, 'https://www.ingco.com/userfiles/1/images/photo/20200730/HHIS0122L.jpg', FALSE, TRUE, FALSE, '2026-07-09T13:13:14.000Z', '2026-07-09T13:17:26.000Z', NULL);
INSERT INTO "products" ("id", "sku", "name", "slug", "brand_id", "category_id", "selling_price", "availability_status", "description", "main_image_url", "is_featured", "is_published", "is_disabled", "created_at", "updated_at", "deleted_at") VALUES (130, 'HHIS0123L', '1"DR. Impact socket', '1-dr-impact-socket-hhis0123l', 9, 3, '185.00', 'available', NULL, 'https://www.ingco.com/userfiles/1/images/photo/20200730/HHIS0123L.jpg', FALSE, TRUE, FALSE, '2026-07-09T13:13:14.000Z', '2026-07-09T13:17:26.000Z', NULL);
INSERT INTO "products" ("id", "sku", "name", "slug", "brand_id", "category_id", "selling_price", "availability_status", "description", "main_image_url", "is_featured", "is_published", "is_disabled", "created_at", "updated_at", "deleted_at") VALUES (131, 'HHIS0124L', '1"DR. Impact socket', '1-dr-impact-socket-hhis0124l', 9, 3, '24.00', 'available', NULL, 'https://www.ingco.com/userfiles/1/images/photo/20200730/HHIS0124L.jpg', FALSE, TRUE, FALSE, '2026-07-09T13:13:14.000Z', '2026-07-09T13:17:26.000Z', NULL);
INSERT INTO "products" ("id", "sku", "name", "slug", "brand_id", "category_id", "selling_price", "availability_status", "description", "main_image_url", "is_featured", "is_published", "is_disabled", "created_at", "updated_at", "deleted_at") VALUES (132, 'HHIS0127L', '1"DR. Impact socket', '1-dr-impact-socket-hhis0127l', 9, 3, '170.00', 'available', NULL, 'https://www.ingco.com/userfiles/1/images/photo/20200730/HHIS0127L.jpg', FALSE, TRUE, FALSE, '2026-07-09T13:13:14.000Z', '2026-07-09T13:17:26.000Z', NULL);
INSERT INTO "products" ("id", "sku", "name", "slug", "brand_id", "category_id", "selling_price", "availability_status", "description", "main_image_url", "is_featured", "is_published", "is_disabled", "created_at", "updated_at", "deleted_at") VALUES (133, 'HHIS0130L', '1"DR. Impact socket', '1-dr-impact-socket-hhis0130l', 9, 3, '193.00', 'available', NULL, 'https://www.ingco.com/userfiles/1/images/photo/20200730/HHIS0130L.jpg', FALSE, TRUE, FALSE, '2026-07-09T13:13:14.000Z', '2026-07-09T13:17:26.000Z', NULL);
INSERT INTO "products" ("id", "sku", "name", "slug", "brand_id", "category_id", "selling_price", "availability_status", "description", "main_image_url", "is_featured", "is_published", "is_disabled", "created_at", "updated_at", "deleted_at") VALUES (134, 'HHIS0132L', '1"DR. Impact socket', '1-dr-impact-socket-hhis0132l', 9, 3, '203.00', 'available', NULL, 'https://www.ingco.com/userfiles/1/images/photo/20200730/HHIS0132L.jpg', FALSE, TRUE, FALSE, '2026-07-09T13:13:14.000Z', '2026-07-09T13:17:26.000Z', NULL);
INSERT INTO "products" ("id", "sku", "name", "slug", "brand_id", "category_id", "selling_price", "availability_status", "description", "main_image_url", "is_featured", "is_published", "is_disabled", "created_at", "updated_at", "deleted_at") VALUES (135, 'HHIS0133L', '1"DR. Impact socket', '1-dr-impact-socket-hhis0133l', 9, 3, '56.00', 'available', NULL, 'https://www.ingco.com/userfiles/1/images/photo/20200730/HHIS0133L.jpg', FALSE, TRUE, FALSE, '2026-07-09T13:13:14.000Z', '2026-07-09T13:17:26.000Z', NULL);
INSERT INTO "products" ("id", "sku", "name", "slug", "brand_id", "category_id", "selling_price", "availability_status", "description", "main_image_url", "is_featured", "is_published", "is_disabled", "created_at", "updated_at", "deleted_at") VALUES (136, 'HHIS0134L', '1"DR. Impact socket', '1-dr-impact-socket-hhis0134l', 9, 3, '26.00', 'available', NULL, 'https://www.ingco.com/userfiles/1/images/photo/20200730/HHIS0134L.jpg', FALSE, TRUE, FALSE, '2026-07-09T13:13:14.000Z', '2026-07-09T13:17:26.000Z', NULL);
INSERT INTO "products" ("id", "sku", "name", "slug", "brand_id", "category_id", "selling_price", "availability_status", "description", "main_image_url", "is_featured", "is_published", "is_disabled", "created_at", "updated_at", "deleted_at") VALUES (137, 'HHIS0136L', '1"DR. Impact socket', '1-dr-impact-socket-hhis0136l', 9, 3, '181.00', 'available', NULL, 'https://www.ingco.com/userfiles/1/images/photo/20200730/HHIS0136L.jpg', FALSE, TRUE, FALSE, '2026-07-09T13:13:14.000Z', '2026-07-09T13:17:26.000Z', NULL);
INSERT INTO "products" ("id", "sku", "name", "slug", "brand_id", "category_id", "selling_price", "availability_status", "description", "main_image_url", "is_featured", "is_published", "is_disabled", "created_at", "updated_at", "deleted_at") VALUES (138, 'HHIS0138L', '1"DR. Impact socket', '1-dr-impact-socket-hhis0138l', 9, 3, '133.00', 'available', NULL, 'https://www.ingco.com/userfiles/1/images/photo/20200730/HHIS0138L.jpg', FALSE, TRUE, FALSE, '2026-07-09T13:13:14.000Z', '2026-07-09T13:17:26.000Z', NULL);
INSERT INTO "products" ("id", "sku", "name", "slug", "brand_id", "category_id", "selling_price", "availability_status", "description", "main_image_url", "is_featured", "is_published", "is_disabled", "created_at", "updated_at", "deleted_at") VALUES (139, 'HHIS0141L', '1"DR. Impact socket', '1-dr-impact-socket-hhis0141l', 9, 3, '22.00', 'available', NULL, 'https://www.ingco.com/userfiles/1/images/photo/20200730/HHIS0141L.jpg', FALSE, TRUE, FALSE, '2026-07-09T13:13:14.000Z', '2026-07-09T13:17:26.000Z', NULL);
INSERT INTO "products" ("id", "sku", "name", "slug", "brand_id", "category_id", "selling_price", "availability_status", "description", "main_image_url", "is_featured", "is_published", "is_disabled", "created_at", "updated_at", "deleted_at") VALUES (140, 'HHIS0142L', '1"DR. Impact socket', '1-dr-impact-socket-hhis0142l', 9, 3, '164.00', 'available', NULL, 'https://www.ingco.com/userfiles/1/images/photo/20200730/HHIS0142L.jpg', FALSE, TRUE, FALSE, '2026-07-09T13:13:14.000Z', '2026-07-09T13:17:26.000Z', NULL);
INSERT INTO "products" ("id", "sku", "name", "slug", "brand_id", "category_id", "selling_price", "availability_status", "description", "main_image_url", "is_featured", "is_published", "is_disabled", "created_at", "updated_at", "deleted_at") VALUES (141, 'HHIS0146L', '1"DR. Impact socket', '1-dr-impact-socket-hhis0146l', 9, 3, '103.00', 'available', NULL, 'https://www.ingco.com/userfiles/1/images/photo/20200730/HHIS0146L.jpg', FALSE, TRUE, FALSE, '2026-07-09T13:13:14.000Z', '2026-07-09T13:17:26.000Z', NULL);
INSERT INTO "products" ("id", "sku", "name", "slug", "brand_id", "category_id", "selling_price", "availability_status", "description", "main_image_url", "is_featured", "is_published", "is_disabled", "created_at", "updated_at", "deleted_at") VALUES (142, 'HHIS0148L', '1"DR. Impact socket', '1-dr-impact-socket-hhis0148l', 9, 3, '58.00', 'available', NULL, 'https://www.ingco.com/userfiles/1/images/photo/20200730/HHIS0148L.jpg', FALSE, TRUE, FALSE, '2026-07-09T13:13:14.000Z', '2026-07-09T13:17:26.000Z', NULL);
INSERT INTO "products" ("id", "sku", "name", "slug", "brand_id", "category_id", "selling_price", "availability_status", "description", "main_image_url", "is_featured", "is_published", "is_disabled", "created_at", "updated_at", "deleted_at") VALUES (143, 'HCP08168', 'Combination pliers', 'combination-pliers-hcp08168', 9, 3, '50.00', 'available', NULL, 'https://www.ingco.com/userfiles/1/images/photo/20200730/HCP08168.jpg', FALSE, TRUE, FALSE, '2026-07-09T13:13:14.000Z', '2026-07-09T13:17:26.000Z', NULL);
INSERT INTO "products" ("id", "sku", "name", "slug", "brand_id", "category_id", "selling_price", "availability_status", "description", "main_image_url", "is_featured", "is_published", "is_disabled", "created_at", "updated_at", "deleted_at") VALUES (144, 'HCP08188', 'Combination pliers', 'combination-pliers-hcp08188', 9, 3, '20.00', 'available', NULL, 'https://www.ingco.com/userfiles/1/images/photo/20200730/HCP08188.jpg', FALSE, TRUE, FALSE, '2026-07-09T13:13:14.000Z', '2026-07-09T13:17:26.000Z', NULL);
INSERT INTO "products" ("id", "sku", "name", "slug", "brand_id", "category_id", "selling_price", "availability_status", "description", "main_image_url", "is_featured", "is_published", "is_disabled", "created_at", "updated_at", "deleted_at") VALUES (145, 'HCH80808', 'Claw hammer', 'claw-hammer-hch80808', 9, 3, '140.00', 'available', NULL, 'https://www.ingco.com/userfiles/1/images/photo/20200730/HCH80808.jpg', FALSE, TRUE, FALSE, '2026-07-09T13:13:14.000Z', '2026-07-09T13:17:26.000Z', NULL);
INSERT INTO "products" ("id", "sku", "name", "slug", "brand_id", "category_id", "selling_price", "availability_status", "description", "main_image_url", "is_featured", "is_published", "is_disabled", "created_at", "updated_at", "deleted_at") VALUES (146, 'HCP08208', 'Combination pliers', 'combination-pliers-hcp08208', 9, 3, '82.00', 'available', NULL, 'https://www.ingco.com/userfiles/1/images/photo/20200730/HCP08208.jpg', FALSE, TRUE, FALSE, '2026-07-09T13:13:14.000Z', '2026-07-09T13:17:26.000Z', NULL);
INSERT INTO "products" ("id", "sku", "name", "slug", "brand_id", "category_id", "selling_price", "availability_status", "description", "main_image_url", "is_featured", "is_published", "is_disabled", "created_at", "updated_at", "deleted_at") VALUES (147, 'HCH80816', 'Claw Hammer', 'claw-hammer-hch80816', 9, 3, '125.00', 'available', NULL, 'https://www.ingco.com/userfiles/1/images/photo/20200730/HCH80816.jpg', FALSE, TRUE, FALSE, '2026-07-09T13:13:14.000Z', '2026-07-09T13:17:26.000Z', NULL);
INSERT INTO "products" ("id", "sku", "name", "slug", "brand_id", "category_id", "selling_price", "availability_status", "description", "main_image_url", "is_featured", "is_published", "is_disabled", "created_at", "updated_at", "deleted_at") VALUES (148, 'HDCP08168', 'Diagonal cutting pliers', 'diagonal-cutting-pliers-hdcp08168', 9, 3, '150.00', 'available', NULL, 'https://www.ingco.com/userfiles/1/images/photo/20200730/HDCP08168.JPG', FALSE, TRUE, FALSE, '2026-07-09T13:13:14.000Z', '2026-07-09T13:17:26.000Z', NULL);
INSERT INTO "products" ("id", "sku", "name", "slug", "brand_id", "category_id", "selling_price", "availability_status", "description", "main_image_url", "is_featured", "is_published", "is_disabled", "created_at", "updated_at", "deleted_at") VALUES (149, 'HDCP08188', 'Diagonal cutting pliers', 'diagonal-cutting-pliers-hdcp08188', 9, 3, '84.00', 'available', NULL, 'https://www.ingco.com/userfiles/1/images/photo/20200730/HDCP08188.JPG', FALSE, TRUE, FALSE, '2026-07-09T13:13:14.000Z', '2026-07-09T13:17:26.000Z', NULL);
INSERT INTO "products" ("id", "sku", "name", "slug", "brand_id", "category_id", "selling_price", "availability_status", "description", "main_image_url", "is_featured", "is_published", "is_disabled", "created_at", "updated_at", "deleted_at") VALUES (150, 'HHDCP08188', 'Heavy-duty diagonal cutting pliers', 'heavy-duty-diagonal-cutting-pliers-hhdcp08188', 9, 3, '157.00', 'available', NULL, 'https://www.ingco.com/userfiles/1/images/photo/20200730/HHDCP08188.JPG', FALSE, TRUE, FALSE, '2026-07-09T13:13:14.000Z', '2026-07-09T13:17:26.000Z', NULL);
INSERT INTO "products" ("id", "sku", "name", "slug", "brand_id", "category_id", "selling_price", "availability_status", "description", "main_image_url", "is_featured", "is_published", "is_disabled", "created_at", "updated_at", "deleted_at") VALUES (151, 'HLNP08168', 'Long nose pliers', 'long-nose-pliers-hlnp08168', 9, 3, '59.00', 'available', NULL, 'https://www.ingco.com/userfiles/1/images/photo/20200730/HLNP08168.JPG', FALSE, TRUE, FALSE, '2026-07-09T13:13:14.000Z', '2026-07-09T13:17:26.000Z', NULL);
INSERT INTO "products" ("id", "sku", "name", "slug", "brand_id", "category_id", "selling_price", "availability_status", "description", "main_image_url", "is_featured", "is_published", "is_disabled", "created_at", "updated_at", "deleted_at") VALUES (152, 'HBNP08168', 'Bent nose pliers', 'bent-nose-pliers-hbnp08168', 9, 3, '85.00', 'available', NULL, 'https://www.ingco.com/userfiles/1/images/photo/20200730/HBNP08168.JPG', FALSE, TRUE, FALSE, '2026-07-09T13:13:14.000Z', '2026-07-09T13:17:26.000Z', NULL);
INSERT INTO "products" ("id", "sku", "name", "slug", "brand_id", "category_id", "selling_price", "availability_status", "description", "main_image_url", "is_featured", "is_published", "is_disabled", "created_at", "updated_at", "deleted_at") VALUES (153, 'HMH880300', 'Machinist hammer', 'machinist-hammer-hmh880300', 9, 3, '36.00', 'available', NULL, 'https://www.ingco.com/userfiles/1/images/photo/20200730/HMH880300.jpg', FALSE, TRUE, FALSE, '2026-07-09T13:13:14.000Z', '2026-07-09T13:17:26.000Z', NULL);
INSERT INTO "products" ("id", "sku", "name", "slug", "brand_id", "category_id", "selling_price", "availability_status", "description", "main_image_url", "is_featured", "is_published", "is_disabled", "created_at", "updated_at", "deleted_at") VALUES (154, 'HMH880500', 'Machinist hammer', 'machinist-hammer-hmh880500', 9, 3, '79.00', 'available', NULL, 'https://www.ingco.com/userfiles/1/images/photo/20200730/HMH880500.jpg', FALSE, TRUE, FALSE, '2026-07-09T13:13:14.000Z', '2026-07-09T13:17:26.000Z', NULL);
INSERT INTO "products" ("id", "sku", "name", "slug", "brand_id", "category_id", "selling_price", "availability_status", "description", "main_image_url", "is_featured", "is_published", "is_disabled", "created_at", "updated_at", "deleted_at") VALUES (155, 'HMH881000', 'Machinist hammer', 'machinist-hammer-hmh881000', 9, 3, '41.00', 'available', NULL, 'https://www.ingco.com/userfiles/1/images/photo/20200730/HMH881000.jpg', FALSE, TRUE, FALSE, '2026-07-09T13:13:14.000Z', '2026-07-09T13:17:26.000Z', NULL);
INSERT INTO "products" ("id", "sku", "name", "slug", "brand_id", "category_id", "selling_price", "availability_status", "description", "main_image_url", "is_featured", "is_published", "is_disabled", "created_at", "updated_at", "deleted_at") VALUES (156, 'HPP28258', 'Pump pliers', 'pump-pliers-hpp28258', 9, 4, '169.00', 'available', NULL, 'https://www.ingco.com/userfiles/1/images/photo/20200730/HPP28258.JPG', FALSE, TRUE, FALSE, '2026-07-09T13:13:14.000Z', '2026-07-09T13:17:26.000Z', NULL);
INSERT INTO "products" ("id", "sku", "name", "slug", "brand_id", "category_id", "selling_price", "availability_status", "description", "main_image_url", "is_featured", "is_published", "is_disabled", "created_at", "updated_at", "deleted_at") VALUES (157, 'HPP03300', 'Pump pliers', 'pump-pliers-hpp03300', 9, 4, '62.00', 'available', NULL, 'https://www.ingco.com/userfiles/1/images/photo/20200730/HPP03300.jpg', FALSE, TRUE, FALSE, '2026-07-09T13:13:14.000Z', '2026-07-09T13:17:26.000Z', NULL);
INSERT INTO "products" ("id", "sku", "name", "slug", "brand_id", "category_id", "selling_price", "availability_status", "description", "main_image_url", "is_featured", "is_published", "is_disabled", "created_at", "updated_at", "deleted_at") VALUES (158, 'HSPJP02160', 'Slip joint pliers', 'slip-joint-pliers-hspjp02160', 9, 3, '203.00', 'available', NULL, 'https://www.ingco.com/userfiles/1/images/photo/20200730/HSPJP02160.JPG', FALSE, TRUE, FALSE, '2026-07-09T13:13:14.000Z', '2026-07-09T13:17:26.000Z', NULL);
INSERT INTO "products" ("id", "sku", "name", "slug", "brand_id", "category_id", "selling_price", "availability_status", "description", "main_image_url", "is_featured", "is_published", "is_disabled", "created_at", "updated_at", "deleted_at") VALUES (159, 'HSPJP02200', 'Slip joint pliers', 'slip-joint-pliers-hspjp02200', 9, 3, '44.00', 'available', NULL, 'https://www.ingco.com/userfiles/1/images/photo/20200730/HSPJP02200.JPG', FALSE, TRUE, FALSE, '2026-07-09T13:13:14.000Z', '2026-07-09T13:17:26.000Z', NULL);
INSERT INTO "products" ("id", "sku", "name", "slug", "brand_id", "category_id", "selling_price", "availability_status", "description", "main_image_url", "is_featured", "is_published", "is_disabled", "created_at", "updated_at", "deleted_at") VALUES (160, 'HSPJP02250', 'Slip joint pliers', 'slip-joint-pliers-hspjp02250', 9, 3, '78.00', 'available', NULL, 'https://www.ingco.com/userfiles/1/images/photo/20200730/HSPJP02250.JPG', FALSE, TRUE, FALSE, '2026-07-09T13:13:14.000Z', '2026-07-09T13:17:26.000Z', NULL);
INSERT INTO "products" ("id", "sku", "name", "slug", "brand_id", "category_id", "selling_price", "availability_status", "description", "main_image_url", "is_featured", "is_published", "is_disabled", "created_at", "updated_at", "deleted_at") VALUES (161, 'HECP02180', 'End cutting pliers', 'end-cutting-pliers-hecp02180', 9, 3, '207.00', 'available', NULL, 'https://www.ingco.com/userfiles/1/images/photo/20200730/HECP02180.JPG', FALSE, TRUE, FALSE, '2026-07-09T13:13:14.000Z', '2026-07-09T13:17:26.000Z', NULL);
INSERT INTO "products" ("id", "sku", "name", "slug", "brand_id", "category_id", "selling_price", "availability_status", "description", "main_image_url", "is_featured", "is_published", "is_disabled", "created_at", "updated_at", "deleted_at") VALUES (162, 'HRP02200', 'Rabbet pliers', 'rabbet-pliers-hrp02200', 9, 3, '125.00', 'available', NULL, 'https://www.ingco.com/userfiles/1/images/photo/20200730/HRP02200.jpg', FALSE, TRUE, FALSE, '2026-07-09T13:13:14.000Z', '2026-07-09T13:17:26.000Z', NULL);
INSERT INTO "products" ("id", "sku", "name", "slug", "brand_id", "category_id", "selling_price", "availability_status", "description", "main_image_url", "is_featured", "is_published", "is_disabled", "created_at", "updated_at", "deleted_at") VALUES (163, 'HRP02230', 'Rabbet pliers', 'rabbet-pliers-hrp02230', 9, 3, '23.00', 'available', NULL, 'https://www.ingco.com/userfiles/1/images/photo/20200730/HRP02230.jpg', FALSE, TRUE, FALSE, '2026-07-09T13:13:14.000Z', '2026-07-09T13:17:26.000Z', NULL);
INSERT INTO "products" ("id", "sku", "name", "slug", "brand_id", "category_id", "selling_price", "availability_status", "description", "main_image_url", "is_featured", "is_published", "is_disabled", "created_at", "updated_at", "deleted_at") VALUES (164, 'HSL08030', 'Spirit level', 'spirit-level-hsl08030', 9, 6, '106.00', 'available', NULL, 'https://www.ingco.com/userfiles/1/images/photo/20200730/HSL08030.JPG', FALSE, TRUE, FALSE, '2026-07-09T13:13:14.000Z', '2026-07-09T13:17:26.000Z', NULL);
INSERT INTO "products" ("id", "sku", "name", "slug", "brand_id", "category_id", "selling_price", "availability_status", "description", "main_image_url", "is_featured", "is_published", "is_disabled", "created_at", "updated_at", "deleted_at") VALUES (165, 'HSL08040', 'Spirit level', 'spirit-level-hsl08040', 9, 6, '148.00', 'available', NULL, 'https://www.ingco.com/userfiles/1/images/photo/20200730/HSL08040.JPG', FALSE, TRUE, FALSE, '2026-07-09T13:13:14.000Z', '2026-07-09T13:17:26.000Z', NULL);
INSERT INTO "products" ("id", "sku", "name", "slug", "brand_id", "category_id", "selling_price", "availability_status", "description", "main_image_url", "is_featured", "is_published", "is_disabled", "created_at", "updated_at", "deleted_at") VALUES (166, 'HSL08050', 'Spirit level', 'spirit-level-hsl08050', 9, 6, '168.00', 'available', NULL, 'https://www.ingco.com/userfiles/1/images/photo/20200730/HSL08050.JPG', FALSE, TRUE, FALSE, '2026-07-09T13:13:14.000Z', '2026-07-09T13:17:26.000Z', NULL);
INSERT INTO "products" ("id", "sku", "name", "slug", "brand_id", "category_id", "selling_price", "availability_status", "description", "main_image_url", "is_featured", "is_published", "is_disabled", "created_at", "updated_at", "deleted_at") VALUES (167, 'HSL08060', 'Spirit level', 'spirit-level-hsl08060', 9, 6, '146.00', 'available', NULL, 'https://www.ingco.com/userfiles/1/images/photo/20200730/HSL08060.JPG', FALSE, TRUE, FALSE, '2026-07-09T13:13:14.000Z', '2026-07-09T13:17:26.000Z', NULL);
INSERT INTO "products" ("id", "sku", "name", "slug", "brand_id", "category_id", "selling_price", "availability_status", "description", "main_image_url", "is_featured", "is_published", "is_disabled", "created_at", "updated_at", "deleted_at") VALUES (168, 'HSL08080', 'Spirit level', 'spirit-level-hsl08080', 9, 6, '107.00', 'available', NULL, 'https://www.ingco.com/userfiles/1/images/photo/20200730/HSL08080.JPG', FALSE, TRUE, FALSE, '2026-07-09T13:13:14.000Z', '2026-07-09T13:17:26.000Z', NULL);
INSERT INTO "products" ("id", "sku", "name", "slug", "brand_id", "category_id", "selling_price", "availability_status", "description", "main_image_url", "is_featured", "is_published", "is_disabled", "created_at", "updated_at", "deleted_at") VALUES (169, 'HSL08100', 'Spirit level', 'spirit-level-hsl08100', 9, 6, '39.00', 'available', NULL, 'https://www.ingco.com/userfiles/1/images/photo/20200730/HSL08100.JPG', FALSE, TRUE, FALSE, '2026-07-09T13:13:14.000Z', '2026-07-09T13:17:26.000Z', NULL);
INSERT INTO "products" ("id", "sku", "name", "slug", "brand_id", "category_id", "selling_price", "availability_status", "description", "main_image_url", "is_featured", "is_published", "is_disabled", "created_at", "updated_at", "deleted_at") VALUES (170, 'HSL08120', 'Spirit level', 'spirit-level-hsl08120', 9, 6, '116.00', 'available', NULL, 'https://www.ingco.com/userfiles/1/images/photo/20200730/HSL08120.JPG', FALSE, TRUE, FALSE, '2026-07-09T13:13:14.000Z', '2026-07-09T13:17:26.000Z', NULL);
INSERT INTO "products" ("id", "sku", "name", "slug", "brand_id", "category_id", "selling_price", "availability_status", "description", "main_image_url", "is_featured", "is_published", "is_disabled", "created_at", "updated_at", "deleted_at") VALUES (171, 'HSL08150', 'Spirit level', 'spirit-level-hsl08150', 9, 6, '35.00', 'available', NULL, 'https://www.ingco.com/userfiles/1/images/photo/20200730/HSL08150.JPG', FALSE, TRUE, FALSE, '2026-07-09T13:13:14.000Z', '2026-07-09T13:17:26.000Z', NULL);
INSERT INTO "products" ("id", "sku", "name", "slug", "brand_id", "category_id", "selling_price", "availability_status", "description", "main_image_url", "is_featured", "is_published", "is_disabled", "created_at", "updated_at", "deleted_at") VALUES (172, 'HSL08180', 'Spirit level', 'spirit-level-hsl08180', 9, 6, '50.00', 'available', NULL, 'https://www.ingco.com/userfiles/1/images/photo/20200730/HSL08180.JPG', FALSE, TRUE, FALSE, '2026-07-09T13:13:14.000Z', '2026-07-09T13:17:26.000Z', NULL);
INSERT INTO "products" ("id", "sku", "name", "slug", "brand_id", "category_id", "selling_price", "availability_status", "description", "main_image_url", "is_featured", "is_published", "is_disabled", "created_at", "updated_at", "deleted_at") VALUES (173, 'HSL08200', 'Spirit level', 'spirit-level-hsl08200', 9, 6, '194.00', 'available', NULL, 'https://www.ingco.com/userfiles/1/images/photo/20200730/HSL08200.JPG', FALSE, TRUE, FALSE, '2026-07-09T13:13:14.000Z', '2026-07-09T13:17:26.000Z', NULL);
INSERT INTO "products" ("id", "sku", "name", "slug", "brand_id", "category_id", "selling_price", "availability_status", "description", "main_image_url", "is_featured", "is_published", "is_disabled", "created_at", "updated_at", "deleted_at") VALUES (174, 'HSMT0803', 'Steel measuring tape', 'steel-measuring-tape-hsmt0803', 9, 6, '196.00', 'available', NULL, 'https://www.ingco.com/website-center/upload/images/HSMT0803.jpg', FALSE, TRUE, FALSE, '2026-07-09T13:13:14.000Z', '2026-07-09T13:17:26.000Z', NULL);
INSERT INTO "products" ("id", "sku", "name", "slug", "brand_id", "category_id", "selling_price", "availability_status", "description", "main_image_url", "is_featured", "is_published", "is_disabled", "created_at", "updated_at", "deleted_at") VALUES (175, 'HSMT08052', 'Steel measuring tape', 'steel-measuring-tape-hsmt08052', 9, 6, '50.00', 'available', NULL, 'https://www.ingco.com/website-center/upload/images/HSMT0803.jpg', FALSE, TRUE, FALSE, '2026-07-09T13:13:14.000Z', '2026-07-09T13:17:26.000Z', NULL);
INSERT INTO "products" ("id", "sku", "name", "slug", "brand_id", "category_id", "selling_price", "availability_status", "description", "main_image_url", "is_featured", "is_published", "is_disabled", "created_at", "updated_at", "deleted_at") VALUES (176, 'HSMT0805', 'Steel measuring tape', 'steel-measuring-tape-hsmt0805', 9, 6, '58.00', 'available', NULL, 'https://www.ingco.com/website-center/upload/images/HSMT0803.jpg', FALSE, TRUE, FALSE, '2026-07-09T13:13:14.000Z', '2026-07-09T13:17:26.000Z', NULL);
INSERT INTO "products" ("id", "sku", "name", "slug", "brand_id", "category_id", "selling_price", "availability_status", "description", "main_image_url", "is_featured", "is_published", "is_disabled", "created_at", "updated_at", "deleted_at") VALUES (177, 'HSMT0808', 'Steel measuring tape', 'steel-measuring-tape-hsmt0808', 9, 6, '94.00', 'available', NULL, 'https://www.ingco.com/website-center/upload/images/HSMT0803.jpg', FALSE, TRUE, FALSE, '2026-07-09T13:13:14.000Z', '2026-07-09T13:17:26.000Z', NULL);
INSERT INTO "products" ("id", "sku", "name", "slug", "brand_id", "category_id", "selling_price", "availability_status", "description", "main_image_url", "is_featured", "is_published", "is_disabled", "created_at", "updated_at", "deleted_at") VALUES (178, 'HSMT0810', 'Steel measuring tape', 'steel-measuring-tape-hsmt0810', 9, 6, '194.00', 'available', NULL, 'https://www.ingco.com/website-center/upload/images/HSMT0803.jpg', FALSE, TRUE, FALSE, '2026-07-09T13:13:14.000Z', '2026-07-09T13:17:26.000Z', NULL);
INSERT INTO "products" ("id", "sku", "name", "slug", "brand_id", "category_id", "selling_price", "availability_status", "description", "main_image_url", "is_featured", "is_published", "is_disabled", "created_at", "updated_at", "deleted_at") VALUES (179, 'HSMT0803.1', 'Steel measuring tape', 'steel-measuring-tape-hsmt0803.1', 9, 6, '206.00', 'available', NULL, 'https://www.ingco.com/website-center/upload/images/HSMT0803.jpg', FALSE, TRUE, FALSE, '2026-07-09T13:13:14.000Z', '2026-07-09T13:17:26.000Z', NULL);
INSERT INTO "products" ("id", "sku", "name", "slug", "brand_id", "category_id", "selling_price", "availability_status", "description", "main_image_url", "is_featured", "is_published", "is_disabled", "created_at", "updated_at", "deleted_at") VALUES (180, 'HSMT08052.1', 'Steel measuring tape', 'steel-measuring-tape-hsmt08052.1', 9, 6, '201.00', 'available', NULL, 'https://www.ingco.com/website-center/upload/images/HSMT0803.jpg', FALSE, TRUE, FALSE, '2026-07-09T13:13:14.000Z', '2026-07-09T13:17:26.000Z', NULL);
INSERT INTO "products" ("id", "sku", "name", "slug", "brand_id", "category_id", "selling_price", "availability_status", "description", "main_image_url", "is_featured", "is_published", "is_disabled", "created_at", "updated_at", "deleted_at") VALUES (181, 'HSMT0805.1', 'Steel measuring tape', 'steel-measuring-tape-hsmt0805.1', 9, 6, '106.00', 'available', NULL, 'https://www.ingco.com/website-center/upload/images/HSMT0803.jpg', FALSE, TRUE, FALSE, '2026-07-09T13:13:14.000Z', '2026-07-09T13:17:26.000Z', NULL);
INSERT INTO "products" ("id", "sku", "name", "slug", "brand_id", "category_id", "selling_price", "availability_status", "description", "main_image_url", "is_featured", "is_published", "is_disabled", "created_at", "updated_at", "deleted_at") VALUES (182, 'HSMT0808.1', 'Steel measuring tape', 'steel-measuring-tape-hsmt0808.1', 9, 6, '96.00', 'available', NULL, 'https://www.ingco.com/website-center/upload/images/HSMT0803.jpg', FALSE, TRUE, FALSE, '2026-07-09T13:13:14.000Z', '2026-07-09T13:17:26.000Z', NULL);
INSERT INTO "products" ("id", "sku", "name", "slug", "brand_id", "category_id", "selling_price", "availability_status", "description", "main_image_url", "is_featured", "is_published", "is_disabled", "created_at", "updated_at", "deleted_at") VALUES (183, 'HSMT0810.1', 'Steel measuring tape', 'steel-measuring-tape-hsmt0810.1', 9, 6, '163.00', 'available', NULL, 'https://www.ingco.com/website-center/upload/images/HSMT0803.jpg', FALSE, TRUE, FALSE, '2026-07-09T13:13:14.000Z', '2026-07-09T13:17:26.000Z', NULL);
INSERT INTO "products" ("id", "sku", "name", "slug", "brand_id", "category_id", "selling_price", "availability_status", "description", "main_image_url", "is_featured", "is_published", "is_disabled", "created_at", "updated_at", "deleted_at") VALUES (184, 'HSMT8805', 'Steel measuring tape', 'steel-measuring-tape-hsmt8805', 9, 6, '150.00', 'available', NULL, 'https://www.ingco.com/website-center/upload/images/HSMT8805.jpg', FALSE, TRUE, FALSE, '2026-07-09T13:13:14.000Z', '2026-07-09T13:17:26.000Z', NULL);
INSERT INTO "products" ("id", "sku", "name", "slug", "brand_id", "category_id", "selling_price", "availability_status", "description", "main_image_url", "is_featured", "is_published", "is_disabled", "created_at", "updated_at", "deleted_at") VALUES (185, 'HSMT8808', 'Steel measuring tape', 'steel-measuring-tape-hsmt8808', 9, 6, '151.00', 'available', NULL, 'https://www.ingco.com/website-center/upload/images/HSMT8805.jpg', FALSE, TRUE, FALSE, '2026-07-09T13:13:14.000Z', '2026-07-09T13:17:26.000Z', NULL);
INSERT INTO "products" ("id", "sku", "name", "slug", "brand_id", "category_id", "selling_price", "availability_status", "description", "main_image_url", "is_featured", "is_published", "is_disabled", "created_at", "updated_at", "deleted_at") VALUES (186, 'HSMT88052.1', 'Steel measuring tape', 'steel-measuring-tape-hsmt88052.1', 9, 6, '35.00', 'available', NULL, 'https://www.ingco.com/website-center/upload/images/HSMT8805.jpg', FALSE, TRUE, FALSE, '2026-07-09T13:13:14.000Z', '2026-07-09T13:17:26.000Z', NULL);
INSERT INTO "products" ("id", "sku", "name", "slug", "brand_id", "category_id", "selling_price", "availability_status", "description", "main_image_url", "is_featured", "is_published", "is_disabled", "created_at", "updated_at", "deleted_at") VALUES (187, 'HSMT8805.1', 'Steel measuring tape', 'steel-measuring-tape-hsmt8805.1', 9, 6, '101.00', 'available', NULL, 'https://www.ingco.com/website-center/upload/images/HSMT8805.jpg', FALSE, TRUE, FALSE, '2026-07-09T13:13:14.000Z', '2026-07-09T13:17:26.000Z', NULL);
INSERT INTO "products" ("id", "sku", "name", "slug", "brand_id", "category_id", "selling_price", "availability_status", "description", "main_image_url", "is_featured", "is_published", "is_disabled", "created_at", "updated_at", "deleted_at") VALUES (188, 'HSMT8808.1', 'Steel measuring tape', 'steel-measuring-tape-hsmt8808.1', 9, 6, '193.00', 'available', NULL, 'https://www.ingco.com/website-center/upload/images/HSMT8805.jpg', FALSE, TRUE, FALSE, '2026-07-09T13:13:14.000Z', '2026-07-09T13:17:26.000Z', NULL);
INSERT INTO "products" ("id", "sku", "name", "slug", "brand_id", "category_id", "selling_price", "availability_status", "description", "main_image_url", "is_featured", "is_published", "is_disabled", "created_at", "updated_at", "deleted_at") VALUES (189, 'HSMT8420', 'Steel measuring tape', 'steel-measuring-tape-hsmt8420', 9, 6, '100.00', 'available', NULL, 'https://www.ingco.com/userfiles/1/images/photo/20200730/HSMT8420.jpg', FALSE, TRUE, FALSE, '2026-07-09T13:13:14.000Z', '2026-07-09T13:17:26.000Z', NULL);
INSERT INTO "products" ("id", "sku", "name", "slug", "brand_id", "category_id", "selling_price", "availability_status", "description", "main_image_url", "is_featured", "is_published", "is_disabled", "created_at", "updated_at", "deleted_at") VALUES (190, 'HSMT8430', 'Steel measuring tape', 'steel-measuring-tape-hsmt8430', 9, 6, '111.00', 'available', NULL, 'https://www.ingco.com/userfiles/1/images/photo/20200730/HSMT8430.jpg', FALSE, TRUE, FALSE, '2026-07-09T13:13:14.000Z', '2026-07-09T13:17:26.000Z', NULL);
INSERT INTO "products" ("id", "sku", "name", "slug", "brand_id", "category_id", "selling_price", "availability_status", "description", "main_image_url", "is_featured", "is_published", "is_disabled", "created_at", "updated_at", "deleted_at") VALUES (191, 'HFMT8120', 'Fibreglass measuring tape', 'fibreglass-measuring-tape-hfmt8120', 9, 6, '103.00', 'available', NULL, 'https://www.ingco.com/userfiles/1/images/photo/20200730/HFMT8120.JPG', FALSE, TRUE, FALSE, '2026-07-09T13:13:14.000Z', '2026-07-09T13:17:26.000Z', NULL);
INSERT INTO "products" ("id", "sku", "name", "slug", "brand_id", "category_id", "selling_price", "availability_status", "description", "main_image_url", "is_featured", "is_published", "is_disabled", "created_at", "updated_at", "deleted_at") VALUES (192, 'HFMT8130', 'Fibreglass measuring tape', 'fibreglass-measuring-tape-hfmt8130', 9, 6, '79.00', 'available', NULL, 'https://www.ingco.com/userfiles/1/images/photo/20200730/HFMT8130.jpg', FALSE, TRUE, FALSE, '2026-07-09T13:13:14.000Z', '2026-07-09T13:17:26.000Z', NULL);
INSERT INTO "products" ("id", "sku", "name", "slug", "brand_id", "category_id", "selling_price", "availability_status", "description", "main_image_url", "is_featured", "is_published", "is_disabled", "created_at", "updated_at", "deleted_at") VALUES (193, 'HVC01150', 'Vernier caliper', 'vernier-caliper-hvc01150', 9, 6, '153.00', 'available', NULL, 'https://www.ingco.com/userfiles/1/images/photo/20200730/HVC01150.JPG', FALSE, TRUE, FALSE, '2026-07-09T13:13:14.000Z', '2026-07-09T13:17:26.000Z', NULL);
INSERT INTO "products" ("id", "sku", "name", "slug", "brand_id", "category_id", "selling_price", "availability_status", "description", "main_image_url", "is_featured", "is_published", "is_disabled", "created_at", "updated_at", "deleted_at") VALUES (194, 'HVC01200', 'Vernier caliper', 'vernier-caliper-hvc01200', 9, 6, '146.00', 'available', NULL, 'https://www.ingco.com/userfiles/1/images/photo/20200730/HVC01200.JPG', FALSE, TRUE, FALSE, '2026-07-09T13:13:14.000Z', '2026-07-09T13:17:26.000Z', NULL);
INSERT INTO "products" ("id", "sku", "name", "slug", "brand_id", "category_id", "selling_price", "availability_status", "description", "main_image_url", "is_featured", "is_published", "is_disabled", "created_at", "updated_at", "deleted_at") VALUES (195, 'HDCD01150', 'Digital caliper', 'digital-caliper-hdcd01150', 9, 6, '166.00', 'available', NULL, 'https://www.ingco.com/userfiles/1/images/photo/20200730/HDCD01150.JPG', FALSE, TRUE, FALSE, '2026-07-09T13:13:14.000Z', '2026-07-09T13:17:26.000Z', NULL);
INSERT INTO "products" ("id", "sku", "name", "slug", "brand_id", "category_id", "selling_price", "availability_status", "description", "main_image_url", "is_featured", "is_published", "is_disabled", "created_at", "updated_at", "deleted_at") VALUES (196, 'CPWLI20082', 'Cordless pressure washer', 'cordless-pressure-washer-cpwli20082', 9, 2, '101.00', 'available', NULL, 'https://www.ingco.com/userfiles/1/images/photo/20200829231500642/CPWLI20082.jpg', FALSE, TRUE, FALSE, '2026-07-09T13:13:14.000Z', '2026-07-09T13:17:26.000Z', NULL);
INSERT INTO "products" ("id", "sku", "name", "slug", "brand_id", "category_id", "selling_price", "availability_status", "description", "main_image_url", "is_featured", "is_published", "is_disabled", "created_at", "updated_at", "deleted_at") VALUES (197, 'GCS5261011', 'Gasoline chain saw', 'gasoline-chain-saw-gcs5261011', 9, 1, '177.00', 'available', NULL, 'https://www.ingco.com/website-center/upload/images/dbf4d6165efc4fdf8ca86786f95ca2d2.jpg', FALSE, TRUE, FALSE, '2026-07-09T13:13:14.000Z', '2026-07-09T13:17:26.000Z', NULL);
INSERT INTO "products" ("id", "sku", "name", "slug", "brand_id", "category_id", "selling_price", "availability_status", "description", "main_image_url", "is_featured", "is_published", "is_disabled", "created_at", "updated_at", "deleted_at") VALUES (198, 'AGSC51001', 'Saw chain', 'saw-chain-agsc51001', 9, 1, '142.00', 'available', NULL, 'https://www.ingco.com/userfiles/1/images/photo/20201017231500703/AGSC51001.jpg', FALSE, TRUE, FALSE, '2026-07-09T13:13:14.000Z', '2026-07-09T13:17:26.000Z', NULL);
INSERT INTO "products" ("id", "sku", "name", "slug", "brand_id", "category_id", "selling_price", "availability_status", "description", "main_image_url", "is_featured", "is_published", "is_disabled", "created_at", "updated_at", "deleted_at") VALUES (199, 'AGSB51001', 'Chain saw bar', 'chain-saw-bar-agsb51001', 9, 1, '203.00', 'available', NULL, 'https://www.ingco.com/userfiles/1/images/photo/20200911231500495/AGSB51001.png', FALSE, TRUE, FALSE, '2026-07-09T13:13:14.000Z', '2026-07-09T13:17:26.000Z', NULL);
INSERT INTO "products" ("id", "sku", "name", "slug", "brand_id", "category_id", "selling_price", "availability_status", "description", "main_image_url", "is_featured", "is_published", "is_disabled", "created_at", "updated_at", "deleted_at") VALUES (200, 'GCS5411611', 'Gasoline chain saw', 'gasoline-chain-saw-gcs5411611', 9, 1, '150.00', 'available', NULL, 'https://www.ingco.com/userfiles/1/images/photo/20200903231500284/GCS5411611.jpg', FALSE, TRUE, FALSE, '2026-07-09T13:13:14.000Z', '2026-07-09T13:17:26.000Z', NULL);
INSERT INTO "products" ("id", "sku", "name", "slug", "brand_id", "category_id", "selling_price", "availability_status", "description", "main_image_url", "is_featured", "is_published", "is_disabled", "created_at", "updated_at", "deleted_at") VALUES (201, 'AGSC51601', 'Saw chain', 'saw-chain-agsc51601', 9, 1, '44.00', 'available', NULL, 'https://www.ingco.com/userfiles/1/images/photo/20201017231500703/AGSC51601.jpg', FALSE, TRUE, FALSE, '2026-07-09T13:13:14.000Z', '2026-07-09T13:17:26.000Z', NULL);
INSERT INTO "products" ("id", "sku", "name", "slug", "brand_id", "category_id", "selling_price", "availability_status", "description", "main_image_url", "is_featured", "is_published", "is_disabled", "created_at", "updated_at", "deleted_at") VALUES (202, 'AGSB51601', 'Chain saw bar', 'chain-saw-bar-agsb51601', 9, 1, '90.00', 'available', NULL, 'https://www.ingco.com/userfiles/1/images/photo/20200911231500495/AGSB51601.png', FALSE, TRUE, FALSE, '2026-07-09T13:13:14.000Z', '2026-07-09T13:17:26.000Z', NULL);
INSERT INTO "products" ("id", "sku", "name", "slug", "brand_id", "category_id", "selling_price", "availability_status", "description", "main_image_url", "is_featured", "is_published", "is_disabled", "created_at", "updated_at", "deleted_at") VALUES (203, 'GCS5451811', 'Gasoline chain saw', 'gasoline-chain-saw-gcs5451811', 9, 1, '27.00', 'available', NULL, 'https://www.ingco.com/website-center/upload/images/0845db07fdbf4e0d8e7a0b7bdcce4b29.jpg', FALSE, TRUE, FALSE, '2026-07-09T13:13:14.000Z', '2026-07-09T13:17:26.000Z', NULL);
INSERT INTO "products" ("id", "sku", "name", "slug", "brand_id", "category_id", "selling_price", "availability_status", "description", "main_image_url", "is_featured", "is_published", "is_disabled", "created_at", "updated_at", "deleted_at") VALUES (204, 'AGSC51801', 'Saw chain', 'saw-chain-agsc51801', 9, 1, '112.00', 'available', NULL, 'https://www.ingco.com/userfiles/1/images/photo/20201017231500703/AGSC51801.jpg', FALSE, TRUE, FALSE, '2026-07-09T13:13:14.000Z', '2026-07-09T13:17:26.000Z', NULL);
INSERT INTO "products" ("id", "sku", "name", "slug", "brand_id", "category_id", "selling_price", "availability_status", "description", "main_image_url", "is_featured", "is_published", "is_disabled", "created_at", "updated_at", "deleted_at") VALUES (205, 'AGSB51801', 'Chain saw bar', 'chain-saw-bar-agsb51801', 9, 1, '141.00', 'available', NULL, 'https://www.ingco.com/userfiles/1/images/photo/20200911231500495/AGSB51801.png', FALSE, TRUE, FALSE, '2026-07-09T13:13:14.000Z', '2026-07-09T13:17:26.000Z', NULL);
INSERT INTO "products" ("id", "sku", "name", "slug", "brand_id", "category_id", "selling_price", "availability_status", "description", "main_image_url", "is_featured", "is_published", "is_disabled", "created_at", "updated_at", "deleted_at") VALUES (206, 'GCS5602411', 'Gasoline chain saw', 'gasoline-chain-saw-gcs5602411', 9, 1, '199.00', 'available', NULL, 'https://www.ingco.com/website-center/upload/images/8ceb47d297f14c398470403eefadaf85.jpg', FALSE, TRUE, FALSE, '2026-07-09T13:13:14.000Z', '2026-07-09T13:17:26.000Z', NULL);
INSERT INTO "products" ("id", "sku", "name", "slug", "brand_id", "category_id", "selling_price", "availability_status", "description", "main_image_url", "is_featured", "is_published", "is_disabled", "created_at", "updated_at", "deleted_at") VALUES (207, 'AGSC52402', 'Saw chain', 'saw-chain-agsc52402', 9, 1, '160.00', 'available', NULL, 'https://www.ingco.com/userfiles/1/images/photo/2008181423465/AGSC52402.jpg', FALSE, TRUE, FALSE, '2026-07-09T13:13:14.000Z', '2026-07-09T13:17:26.000Z', NULL);
INSERT INTO "products" ("id", "sku", "name", "slug", "brand_id", "category_id", "selling_price", "availability_status", "description", "main_image_url", "is_featured", "is_published", "is_disabled", "created_at", "updated_at", "deleted_at") VALUES (208, 'AGSB52401', 'Chain saw bar', 'chain-saw-bar-agsb52401', 9, 1, '39.00', 'available', NULL, 'https://www.ingco.com/userfiles/1/images/photo/20201017231500703/AGSB52401.png', FALSE, TRUE, FALSE, '2026-07-09T13:13:14.000Z', '2026-07-09T13:17:26.000Z', NULL);
INSERT INTO "products" ("id", "sku", "name", "slug", "brand_id", "category_id", "selling_price", "availability_status", "description", "main_image_url", "is_featured", "is_published", "is_disabled", "created_at", "updated_at", "deleted_at") VALUES (209, 'GBC5434421', 'Gasoline grass trimmer and brush cutter', 'gasoline-grass-trimmer-and-brush-cutter-gbc5434421', 9, 4, '20.00', 'available', NULL, 'https://www.ingco.com/userfiles/1/images/photo/20200903231500284/GBC5434421.jpg', FALSE, TRUE, FALSE, '2026-07-09T13:13:14.000Z', '2026-07-09T13:17:26.000Z', NULL);
INSERT INTO "products" ("id", "sku", "name", "slug", "brand_id", "category_id", "selling_price", "availability_status", "description", "main_image_url", "is_featured", "is_published", "is_disabled", "created_at", "updated_at", "deleted_at") VALUES (210, 'GBC5434411', 'Gasoline grass trimmer and brush cutter', 'gasoline-grass-trimmer-and-brush-cutter-gbc5434411', 9, 4, '129.00', 'available', NULL, 'https://www.ingco.com/userfiles/1/images/photo/2008181423465/GBC5434411.jpg', FALSE, TRUE, FALSE, '2026-07-09T13:13:14.000Z', '2026-07-09T13:17:26.000Z', NULL);
INSERT INTO "products" ("id", "sku", "name", "slug", "brand_id", "category_id", "selling_price", "availability_status", "description", "main_image_url", "is_featured", "is_published", "is_disabled", "created_at", "updated_at", "deleted_at") VALUES (211, 'GBC5524421', 'Gasoline grass trimmer and brush cutter', 'gasoline-grass-trimmer-and-brush-cutter-gbc5524421', 9, 4, '109.00', 'available', NULL, 'https://www.ingco.com/userfiles/1/images/photo/20200903231500284/GBC5524421.jpg', FALSE, TRUE, FALSE, '2026-07-09T13:13:14.000Z', '2026-07-09T13:17:26.000Z', NULL);
INSERT INTO "products" ("id", "sku", "name", "slug", "brand_id", "category_id", "selling_price", "availability_status", "description", "main_image_url", "is_featured", "is_published", "is_disabled", "created_at", "updated_at", "deleted_at") VALUES (212, 'GBC5524411', 'Gasoline grass trimmer and brush cutter', 'gasoline-grass-trimmer-and-brush-cutter-gbc5524411', 9, 4, '79.00', 'available', NULL, 'https://www.ingco.com/userfiles/1/images/photo/2008181423465/GBC5524411.jpg', FALSE, TRUE, FALSE, '2026-07-09T13:13:14.000Z', '2026-07-09T13:17:26.000Z', NULL);
INSERT INTO "products" ("id", "sku", "name", "slug", "brand_id", "category_id", "selling_price", "availability_status", "description", "main_image_url", "is_featured", "is_published", "is_disabled", "created_at", "updated_at", "deleted_at") VALUES (213, 'GBC5624421', 'Gasoline grass trimmer and brush cutter', 'gasoline-grass-trimmer-and-brush-cutter-gbc5624421', 9, 4, '176.00', 'available', NULL, 'https://www.ingco.com/userfiles/1/images/photo/20200903231500284/GBC5624421.jpg', FALSE, TRUE, FALSE, '2026-07-09T13:13:14.000Z', '2026-07-09T13:17:26.000Z', NULL);
INSERT INTO "products" ("id", "sku", "name", "slug", "brand_id", "category_id", "selling_price", "availability_status", "description", "main_image_url", "is_featured", "is_published", "is_disabled", "created_at", "updated_at", "deleted_at") VALUES (214, 'GBC5624411', 'Gasoline grass trimmer and brush cutter', 'gasoline-grass-trimmer-and-brush-cutter-gbc5624411', 9, 4, '107.00', 'available', NULL, 'https://www.ingco.com/userfiles/1/images/photo/2008181423465/GBC5624411.jpg', FALSE, TRUE, FALSE, '2026-07-09T13:13:14.000Z', '2026-07-09T13:17:26.000Z', NULL);
INSERT INTO "products" ("id", "sku", "name", "slug", "brand_id", "category_id", "selling_price", "availability_status", "description", "main_image_url", "is_featured", "is_published", "is_disabled", "created_at", "updated_at", "deleted_at") VALUES (215, 'GBC53144141', 'Gasoline grass trimmer and brush cutter', 'gasoline-grass-trimmer-and-brush-cutter-gbc53144141', 9, 4, '78.00', 'available', NULL, 'https://www.ingco.com/userfiles/1/images/photo/20200903231500284/GBC53144141.jpg', FALSE, TRUE, FALSE, '2026-07-09T13:13:14.000Z', '2026-07-09T13:17:26.000Z', NULL);
INSERT INTO "products" ("id", "sku", "name", "slug", "brand_id", "category_id", "selling_price", "availability_status", "description", "main_image_url", "is_featured", "is_published", "is_disabled", "created_at", "updated_at", "deleted_at") VALUES (216, 'GMT55231', '4-in-1 Gasoline Hedge trimmer multi tool', '4-in-1-gasoline-hedge-trimmer-multi-tool-gmt55231', 9, 4, '28.00', 'available', NULL, 'https://www.ingco.com/userfiles/1/images/photo/2008181423465/GMT55231.jpg', FALSE, TRUE, FALSE, '2026-07-09T13:13:14.000Z', '2026-07-09T13:17:26.000Z', NULL);
INSERT INTO "products" ("id", "sku", "name", "slug", "brand_id", "category_id", "selling_price", "availability_status", "description", "main_image_url", "is_featured", "is_published", "is_disabled", "created_at", "updated_at", "deleted_at") VALUES (217, 'GHT5265511', 'Gasoline hedge trimmer', 'gasoline-hedge-trimmer-ght5265511', 9, 4, '147.00', 'available', NULL, 'https://www.ingco.com/userfiles/1/images/photo/20200903231500284/GHT5265511.jpg', FALSE, TRUE, FALSE, '2026-07-09T13:13:14.000Z', '2026-07-09T13:17:26.000Z', NULL);
INSERT INTO "products" ("id", "sku", "name", "slug", "brand_id", "category_id", "selling_price", "availability_status", "description", "main_image_url", "is_featured", "is_published", "is_disabled", "created_at", "updated_at", "deleted_at") VALUES (218, 'LM385', 'Electric lawn mower', 'electric-lawn-mower-lm385', 9, 4, '169.00', 'available', NULL, 'https://www.ingco.com/userfiles/1/images/photo/2008181423465/LM385.JPG', FALSE, TRUE, FALSE, '2026-07-09T13:13:14.000Z', '2026-07-09T13:17:26.000Z', NULL);
INSERT INTO "products" ("id", "sku", "name", "slug", "brand_id", "category_id", "selling_price", "availability_status", "description", "main_image_url", "is_featured", "is_published", "is_disabled", "created_at", "updated_at", "deleted_at") VALUES (219, 'LM383', 'Electric lawn mower', 'electric-lawn-mower-lm383', 9, 4, '201.00', 'available', NULL, 'https://www.ingco.com/userfiles/1/images/photo/20200730/LM383.JPG', FALSE, TRUE, FALSE, '2026-07-09T13:13:14.000Z', '2026-07-09T13:17:26.000Z', NULL);
INSERT INTO "products" ("id", "sku", "name", "slug", "brand_id", "category_id", "selling_price", "availability_status", "description", "main_image_url", "is_featured", "is_published", "is_disabled", "created_at", "updated_at", "deleted_at") VALUES (220, 'GLM141181', 'Gasoline lawn mower', 'gasoline-lawn-mower-glm141181', 9, 4, '205.00', 'available', NULL, 'https://www.ingco.com/userfiles/1/images/photo/20200730/GLM141181.JPG', FALSE, TRUE, FALSE, '2026-07-09T13:13:14.000Z', '2026-07-09T13:17:26.000Z', NULL);
INSERT INTO "products" ("id", "sku", "name", "slug", "brand_id", "category_id", "selling_price", "availability_status", "description", "main_image_url", "is_featured", "is_published", "is_disabled", "created_at", "updated_at", "deleted_at") VALUES (221, 'GLM196201', 'Gasoline lawn mower', 'gasoline-lawn-mower-glm196201', 9, 4, '133.00', 'available', NULL, 'https://www.ingco.com/userfiles/1/images/photo/20200730/GLM196201.JPG', FALSE, TRUE, FALSE, '2026-07-09T13:13:14.000Z', '2026-07-09T13:17:26.000Z', NULL);

SELECT setval('"products_id_seq"', (SELECT MAX(id) FROM "products"));

-- Data for table product_images
INSERT INTO "product_images" ("id", "product_id", "image_url", "display_order", "created_at") VALUES (1, 11, '/uploads/images/32eccbab-fd8b-4ecd-9a87-97e15750e4de.png', 0, '2026-07-06T19:23:57.000Z');
INSERT INTO "product_images" ("id", "product_id", "image_url", "display_order", "created_at") VALUES (2, 11, '/uploads/images/c0d2b8e1-88d5-4213-91ad-54d3642bf6be.png', 1, '2026-07-06T19:23:57.000Z');
INSERT INTO "product_images" ("id", "product_id", "image_url", "display_order", "created_at") VALUES (3, 11, '/uploads/images/772560c6-77aa-40c6-bd7f-8cf74a24c1d7.png', 2, '2026-07-06T19:23:57.000Z');

SELECT setval('"product_images_id_seq"', (SELECT MAX(id) FROM "product_images"));

-- Data for table company_settings
INSERT INTO "company_settings" ("id", "setting_key", "setting_value", "updated_at") VALUES (1, 'company_name', 'VIRK Tools & Equipment Pvt. Ltd.', '2026-07-06T12:29:53.000Z');
INSERT INTO "company_settings" ("id", "setting_key", "setting_value", "updated_at") VALUES (2, 'company_phone', '+92 333 3818933', '2026-07-06T12:29:53.000Z');
INSERT INTO "company_settings" ("id", "setting_key", "setting_value", "updated_at") VALUES (3, 'company_email', 'info@virktools.com', '2026-07-06T12:29:53.000Z');
INSERT INTO "company_settings" ("id", "setting_key", "setting_value", "updated_at") VALUES (4, 'company_address', 'Lahore, Pakistan', '2026-07-06T12:29:53.000Z');
INSERT INTO "company_settings" ("id", "setting_key", "setting_value", "updated_at") VALUES (5, 'announcement_bar_text', 'Worldwide Delivery | Call: +92 333 3818933', '2026-07-06T12:29:53.000Z');
INSERT INTO "company_settings" ("id", "setting_key", "setting_value", "updated_at") VALUES (6, 'footer_text', '© 2024 VIRK Tools & Equipment Pvt. Ltd. All Rights Reserved.', '2026-07-06T12:29:53.000Z');
INSERT INTO "company_settings" ("id", "setting_key", "setting_value", "updated_at") VALUES (7, 'facebook_url', '', '2026-07-06T12:29:53.000Z');
INSERT INTO "company_settings" ("id", "setting_key", "setting_value", "updated_at") VALUES (8, 'instagram_url', '', '2026-07-06T12:29:53.000Z');
INSERT INTO "company_settings" ("id", "setting_key", "setting_value", "updated_at") VALUES (9, 'linkedin_url', '', '2026-07-06T12:29:53.000Z');
INSERT INTO "company_settings" ("id", "setting_key", "setting_value", "updated_at") VALUES (10, 'google_maps_url', '', '2026-07-06T12:29:53.000Z');

SELECT setval('"company_settings_id_seq"', (SELECT MAX(id) FROM "company_settings"));

